customer_id,last_purchase_date,recency_days,frequency,monetary,r_score,f_score,m_score,rfm_string,rfm_total,segment
18011,2010-12-01 17:35:00,373,1,102.79,1,1,1,111,3,Lost
17968,2010-12-01 12:23:00,373,1,277.35,1,2,2,122,5,Lost
13065,2010-12-01 16:52:00,373,1,205.86,1,1,1,111,3,Lost
18074,2010-12-01 09:53:00,373,1,489.60,1,2,2,122,5,Lost
16274,2010-12-01 15:35:00,373,1,357.95,1,2,2,122,5,Lost
12791,2010-12-01 11:27:00,373,1,192.60,1,1,1,111,3,Lost
15922,2010-12-01 13:51:00,373,1,369.50,1,2,2,122,5,Lost
14142,2010-12-01 16:33:00,373,1,311.81,1,2,2,122,5,Lost
14237,2010-12-01 13:20:00,373,1,161.00,1,1,1,111,3,Lost
14729,2010-12-01 12:43:00,373,1,313.49,1,2,2,122,5,Lost
15350,2010-12-01 13:33:00,373,1,115.65,1,1,1,111,3,Lost
16048,2010-12-01 15:28:00,373,1,256.44,1,2,2,122,5,Lost
15165,2010-12-01 14:03:00,373,1,487.75,1,2,2,122,5,Lost
13747,2010-12-01 10:37:00,373,1,79.60,1,1,1,111,3,Lost
17643,2010-12-01 14:38:00,373,1,101.55,1,1,1,111,3,Lost
16583,2010-12-01 12:03:00,373,1,233.45,1,1,1,111,3,Lost
17908,2010-12-01 11:45:00,373,1,243.28,1,1,1,111,3,Lost
15923,2010-12-02 12:16:00,372,1,127.08,1,1,1,111,3,Lost
17732,2010-12-02 09:29:00,372,1,303.97,1,2,2,122,5,Lost
17925,2010-12-02 10:10:00,372,1,244.08,1,1,1,111,3,Lost
17976,2010-12-02 13:49:00,372,1,353.19,1,2,2,122,5,Lost
17855,2010-12-02 09:44:00,372,1,208.97,1,1,1,111,3,Lost
12855,2010-12-02 09:37:00,372,1,38.10,1,1,1,111,3,Lost
16510,2010-12-02 13:39:00,372,1,248.10,1,1,1,111,3,Lost
15363,2010-12-02 12:28:00,372,1,326.00,1,2,2,122,5,Lost
14576,2010-12-02 17:51:00,372,1,35.40,1,1,1,111,3,Lost
16752,2010-12-02 12:18:00,372,1,207.50,1,1,1,111,3,Lost
15070,2010-12-02 11:23:00,372,1,106.20,1,1,1,111,3,Lost
13108,2010-12-02 10:35:00,372,1,350.06,1,2,2,122,5,Lost
15823,2010-12-02 15:08:00,372,1,15.00,1,1,1,111,3,Lost
13011,2010-12-02 17:22:00,372,1,50.55,1,1,1,111,3,Lost
16754,2010-12-02 17:38:00,372,1,2002.40,1,4,4,144,9,Cannot Lose Them
12738,2010-12-02 18:27:00,372,1,155.35,1,1,1,111,3,Lost
17850,2010-12-02 15:27:00,372,1,5391.21,1,5,5,155,11,Cannot Lose Them
16781,2010-12-02 14:26:00,372,1,311.25,1,2,2,122,5,Lost
13370,2010-12-03 10:26:00,371,1,754.87,1,3,3,133,7,At-Risk
12725,2010-12-03 15:45:00,371,1,427.80,1,2,2,122,5,Lost
12686,2010-12-03 09:51:00,371,1,89.14,1,1,1,111,3,Lost
17967,2010-12-03 11:19:00,371,1,123.07,1,1,1,111,3,Lost
14589,2010-12-03 11:42:00,371,1,39.75,1,1,1,111,3,Lost
16926,2010-12-03 13:42:00,371,1,230.25,1,1,1,111,3,Lost
16718,2010-12-05 13:03:00,369,1,623.75,1,3,3,133,7,At-Risk
14813,2010-12-05 11:57:00,369,1,155.43,1,1,1,111,3,Lost
15880,2010-12-05 13:00:00,369,1,343.28,1,2,2,122,5,Lost
16658,2010-12-06 13:47:00,368,1,123.24,1,1,1,111,3,Lost
15899,2010-12-06 10:36:00,368,1,56.25,1,1,1,111,3,Lost
17860,2010-12-06 12:41:00,368,1,252.80,1,2,2,122,5,Lost
16858,2010-12-06 09:52:00,368,1,375.69,1,2,2,122,5,Lost
18113,2010-12-06 12:31:00,368,1,76.32,1,1,1,111,3,Lost
18119,2010-12-07 11:59:00,367,1,181.12,1,1,1,111,3,Lost
16125,2010-12-07 15:48:00,367,1,289.35,1,2,2,122,5,Lost
15180,2010-12-07 14:57:00,367,1,87.50,1,1,1,111,3,Lost
13786,2010-12-07 13:53:00,367,1,230.40,1,1,1,111,3,Lost
13807,2010-12-07 15:48:00,367,1,112.60,1,1,1,111,3,Lost
16679,2010-12-08 13:51:00,366,1,129.75,1,1,1,111,3,Lost
15221,2010-12-08 13:08:00,366,1,403.25,1,2,2,122,5,Lost
12441,2010-12-08 10:45:00,366,1,173.55,1,1,1,111,3,Lost
13270,2010-12-08 14:53:00,366,1,590.00,1,3,3,133,7,At-Risk
15347,2010-12-08 15:25:00,366,1,201.60,1,1,1,111,3,Lost
14821,2010-12-08 08:43:00,366,1,48.80,1,1,1,111,3,Lost
18269,2010-12-08 13:53:00,366,1,168.60,1,1,1,111,3,Lost
15332,2010-12-08 14:43:00,366,1,1661.06,1,4,4,144,9,Cannot Lose Them
16893,2010-12-08 12:06:00,366,1,145.93,1,1,1,111,3,Lost
15973,2010-12-08 11:42:00,366,1,307.82,1,2,2,122,5,Lost
16795,2010-12-09 14:08:00,365,1,414.88,1,2,2,122,5,Lost
14437,2010-12-09 09:27:00,365,1,63.00,1,1,1,111,3,Lost
15945,2010-12-09 13:14:00,365,1,181.00,1,1,1,111,3,Lost
13369,2010-12-09 11:30:00,365,1,308.28,1,2,2,122,5,Lost
14932,2010-12-09 11:48:00,365,1,363.53,1,2,2,122,5,Lost
14355,2010-12-09 12:16:00,365,1,174.40,1,1,1,111,3,Lost
12797,2010-12-09 10:55:00,365,1,254.03,1,2,2,122,5,Lost
16065,2010-12-09 13:03:00,365,1,372.09,1,2,2,122,5,Lost
17456,2010-12-09 15:23:00,365,1,249.86,1,1,1,111,3,Lost
17978,2010-12-09 14:05:00,365,1,300.92,1,2,2,122,5,Lost
12785,2010-12-10 13:48:00,364,1,311.95,1,2,2,122,5,Lost
16727,2010-12-10 13:48:00,364,1,272.82,1,2,2,122,5,Lost
17880,2010-12-10 10:21:00,364,1,458.92,1,2,2,122,5,Lost
14082,2010-12-10 11:02:00,364,1,182.25,1,1,1,111,3,Lost
15723,2010-12-10 11:12:00,364,1,203.10,1,1,1,111,3,Lost
16565,2010-12-10 15:21:00,364,1,173.70,1,1,1,111,3,Lost
15454,2010-12-12 14:21:00,362,1,179.10,1,1,1,111,3,Lost
17251,2010-12-12 11:06:00,362,1,283.28,1,2,2,122,5,Lost
14413,2010-12-12 13:37:00,362,1,122.70,1,1,1,111,3,Lost
16665,2010-12-12 14:03:00,362,1,135.40,1,1,1,111,3,Lost
18004,2010-12-12 13:47:00,362,1,169.47,1,1,1,111,3,Lost
15503,2010-12-12 10:57:00,362,1,147.09,1,1,1,111,3,Lost
17524,2010-12-13 14:32:00,361,1,145.00,1,1,1,111,3,Lost
15361,2010-12-13 09:52:00,361,1,418.92,1,2,2,122,5,Lost
17303,2010-12-13 13:32:00,361,1,250.04,1,1,1,111,3,Lost
16812,2010-12-14 12:35:00,360,1,479.35,1,2,2,122,5,Lost
16499,2010-12-14 13:31:00,360,1,365.45,1,2,2,122,5,Lost
13948,2010-12-14 10:18:00,360,1,102.00,1,1,1,111,3,Lost
16202,2010-12-14 10:43:00,360,1,365.27,1,2,2,122,5,Lost
17752,2010-12-15 16:19:00,359,1,80.64,1,1,1,111,3,Lost
13295,2010-12-15 11:21:00,359,1,201.20,1,1,1,111,3,Lost
17525,2010-12-15 12:05:00,359,1,422.70,1,2,2,122,5,Lost
18050,2010-12-15 14:25:00,359,1,74.40,1,1,1,111,3,Lost
17551,2010-12-15 14:12:00,359,1,306.84,1,2,2,122,5,Lost
13874,2010-12-16 18:20:00,358,1,540.45,1,3,3,133,7,At-Risk
14373,2010-12-16 15:40:00,358,1,76.55,1,1,1,111,3,Lost
17691,2010-12-16 17:20:00,358,1,290.40,1,2,2,122,5,Lost
18176,2010-12-16 15:45:00,358,1,476.35,1,2,2,122,5,Lost
15789,2010-12-16 14:35:00,358,1,351.30,1,2,2,122,5,Lost
15224,2010-12-16 15:02:00,358,1,322.08,1,2,2,122,5,Lost
12967,2010-12-16 19:10:00,358,1,1660.90,1,4,4,144,9,Cannot Lose Them
17496,2010-12-16 08:39:00,358,1,271.05,1,2,2,122,5,Lost
12551,2010-12-17 11:23:00,357,1,168.00,1,1,1,111,3,Lost
15204,2010-12-17 13:49:00,357,1,316.58,1,2,2,122,5,Lost
15160,2010-12-17 14:15:00,357,1,158.16,1,1,1,111,3,Lost
13033,2010-12-17 14:23:00,357,1,190.55,1,1,1,111,3,Lost
17343,2010-12-19 15:07:00,355,1,193.64,1,1,1,111,3,Lost
15279,2010-12-20 10:48:00,354,1,290.51,1,2,2,122,5,Lost
15460,2010-12-20 16:08:00,354,1,216.76,1,1,1,111,3,Lost
12515,2010-12-21 15:43:00,353,1,383.70,1,2,2,122,5,Lost
16270,2010-12-21 14:26:00,353,1,1141.24,1,4,4,144,9,Cannot Lose Them
12734,2010-12-22 12:47:00,352,1,110.40,1,1,1,111,3,Lost
15562,2010-12-23 09:55:00,351,1,134.55,1,1,1,111,3,Lost
13304,2010-12-23 14:35:00,351,1,300.42,1,2,2,122,5,Lost
13922,2010-12-23 10:38:00,351,1,172.25,1,1,1,111,3,Lost
16282,2011-01-04 11:42:00,339,1,168.30,1,1,1,111,3,Lost
15464,2011-01-05 15:56:00,338,1,1048.85,1,4,4,144,9,Cannot Lose Them
15266,2011-01-05 13:40:00,338,1,119.30,1,1,1,111,3,Lost
13187,2011-01-06 18:57:00,337,1,236.02,1,1,1,111,3,Lost
12386,2011-01-06 12:37:00,337,1,401.90,1,2,2,122,5,Lost
12489,2011-01-07 13:13:00,336,1,334.93,1,2,2,122,5,Lost
12829,2011-01-07 11:13:00,336,1,293.00,1,2,2,122,5,Lost
12501,2011-01-07 12:28:00,336,1,2169.39,1,5,5,155,11,Cannot Lose Them
14889,2011-01-07 15:19:00,336,1,135.90,1,1,1,111,3,Lost
15649,2011-01-07 13:34:00,336,1,816.00,1,3,3,133,7,At-Risk
15607,2011-01-07 12:44:00,336,1,104.76,1,1,1,111,3,Lost
12793,2011-01-09 12:12:00,334,1,545.48,1,3,3,133,7,At-Risk
12651,2011-01-09 12:46:00,334,1,114.00,1,1,1,111,3,Lost
18032,2011-01-09 15:32:00,334,1,73.50,1,1,1,111,3,Lost
17128,2011-01-09 12:02:00,334,1,157.09,1,1,1,111,3,Lost
15326,2011-01-10 11:38:00,333,1,311.71,1,2,2,122,5,Lost
16850,2011-01-10 11:09:00,333,1,332.41,1,2,2,122,5,Lost
15100,2011-01-10 10:35:00,333,1,876.00,1,3,3,133,7,At-Risk
17406,2011-01-10 15:07:00,333,1,2200.42,1,5,5,155,11,Cannot Lose Them
16351,2011-01-11 10:26:00,332,1,153.90,1,1,1,111,3,Lost
15346,2011-01-11 11:18:00,332,1,252.42,1,2,2,122,5,Lost
12736,2011-01-11 07:57:00,332,1,234.00,1,1,1,111,3,Lost
13144,2011-01-11 11:15:00,332,1,110.95,1,1,1,111,3,Lost
17569,2011-01-11 14:15:00,332,1,344.14,1,2,2,122,5,Lost
14270,2011-01-12 09:33:00,331,1,492.65,1,3,3,133,7,At-Risk
12652,2011-01-12 15:00:00,331,1,919.98,1,3,3,133,7,At-Risk
14185,2011-01-12 13:52:00,331,1,197.65,1,1,1,111,3,Lost
15171,2011-01-12 15:36:00,331,1,1289.50,1,4,4,144,9,Cannot Lose Them
18085,2011-01-13 15:17:00,330,1,689.95,1,3,3,133,7,At-Risk
16315,2011-01-13 11:57:00,330,1,226.37,1,1,1,111,3,Lost
13284,2011-01-13 09:23:00,330,1,201.19,1,1,1,111,3,Lost
15510,2011-01-13 12:10:00,330,1,250.00,1,1,1,111,3,Lost
15447,2011-01-13 11:26:00,330,1,155.17,1,1,1,111,3,Lost
13385,2011-01-14 09:52:00,329,1,534.57,1,3,3,133,7,At-Risk
18106,2011-01-14 12:23:00,329,1,430.70,1,2,2,122,5,Lost
12672,2011-01-14 09:20:00,329,1,225.90,1,1,1,111,3,Lost
18212,2011-01-17 16:14:00,326,1,248.42,1,1,1,111,3,Lost
14238,2011-01-17 14:40:00,326,1,146.85,1,1,1,111,3,Lost
15316,2011-01-17 11:34:00,326,1,165.00,1,1,1,111,3,Lost
12872,2011-01-17 10:52:00,326,1,599.97,1,3,3,133,7,At-Risk
13859,2011-01-17 16:14:00,326,1,201.16,1,1,1,111,3,Lost
15395,2011-01-18 12:40:00,325,1,107.45,1,1,1,111,3,Lost
12346,2011-01-18 10:01:00,325,1,77183.60,1,5,5,155,11,Cannot Lose Them
13898,2011-01-18 10:28:00,325,1,155.93,1,1,1,111,3,Lost
18233,2011-01-18 08:44:00,325,1,440.00,1,2,2,122,5,Lost
14090,2011-01-19 10:51:00,324,1,76.32,1,1,1,111,3,Lost
12665,2011-01-19 08:34:00,324,1,63.00,1,1,1,111,3,Lost
13008,2011-01-20 14:24:00,323,1,229.47,1,1,1,111,3,Lost
17862,2011-01-20 12:23:00,323,1,330.90,1,2,2,122,5,Lost
15262,2011-01-20 12:16:00,323,1,178.95,1,1,1,111,3,Lost
15422,2011-01-20 16:17:00,323,1,97.70,1,1,1,111,3,Lost
12402,2011-01-20 13:49:00,323,1,225.60,1,1,1,111,3,Lost
16387,2011-01-21 11:34:00,322,1,94.36,1,1,1,111,3,Lost
17890,2011-01-21 11:19:00,322,1,602.09,1,3,3,133,7,At-Risk
17094,2011-01-21 13:09:00,322,1,302.00,1,2,2,122,5,Lost
15174,2011-01-21 09:06:00,322,1,135.75,1,1,1,111,3,Lost
17714,2011-01-23 10:32:00,320,1,153.00,1,1,1,111,3,Lost
15167,2011-01-23 12:41:00,320,1,163.00,1,1,1,111,3,Lost
14068,2011-01-23 16:02:00,320,1,265.85,1,2,2,122,5,Lost
14130,2011-01-24 16:05:00,319,1,483.86,1,2,2,122,5,Lost
14782,2011-01-24 11:12:00,319,1,200.10,1,1,1,111,3,Lost
14439,2011-01-24 11:39:00,319,1,2661.24,1,5,5,155,11,Cannot Lose Them
13551,2011-01-24 14:46:00,319,1,91.80,1,1,1,111,3,Lost
14368,2011-01-24 09:52:00,319,1,155.00,1,1,1,111,3,Lost
15052,2011-01-24 15:52:00,319,1,215.78,1,1,1,111,3,Lost
15820,2011-01-24 12:00:00,319,1,206.98,1,1,1,111,3,Lost
16222,2011-01-25 13:38:00,318,1,846.72,1,3,3,133,7,At-Risk
15213,2011-01-25 12:21:00,318,1,328.35,1,2,2,122,5,Lost
13002,2011-01-25 15:18:00,318,1,120.95,1,1,1,111,3,Lost
15222,2011-01-25 08:03:00,318,1,585.00,1,3,3,133,7,At-Risk
13615,2011-01-25 08:21:00,318,1,417.69,1,2,2,122,5,Lost
16757,2011-01-25 11:59:00,318,1,106.83,1,1,1,111,3,Lost
14248,2011-01-25 14:45:00,318,1,302.58,1,2,2,122,5,Lost
13703,2011-01-25 13:10:00,318,1,99.50,1,1,1,111,3,Lost
12591,2011-01-26 14:35:00,317,1,452.85,1,2,2,122,5,Lost
17118,2011-01-26 12:19:00,317,1,157.02,1,1,1,111,3,Lost
16124,2011-01-26 14:45:00,317,1,249.00,1,1,1,111,3,Lost
15661,2011-01-26 13:56:00,317,1,309.80,1,2,2,122,5,Lost
12764,2011-01-27 10:19:00,316,1,1693.88,1,4,4,144,9,Cannot Lose Them
13506,2011-01-27 13:53:00,316,1,458.52,1,2,2,122,5,Lost
13328,2011-01-27 15:22:00,316,1,1308.48,1,4,4,144,9,Cannot Lose Them
12377,2011-01-28 15:45:00,315,1,1628.12,1,4,4,144,9,Cannot Lose Them
12574,2011-01-28 09:20:00,315,1,218.45,1,1,1,111,3,Lost
12735,2011-01-28 13:37:00,315,1,779.57,1,3,3,133,7,At-Risk
17062,2011-01-30 11:01:00,313,1,538.37,1,3,3,133,7,At-Risk
15415,2011-01-30 14:13:00,313,1,572.81,1,3,3,133,7,At-Risk
17431,2011-01-30 14:36:00,313,1,403.30,1,2,2,122,5,Lost
13161,2011-01-30 14:03:00,313,1,112.75,1,1,1,111,3,Lost
15881,2011-01-31 16:59:00,312,1,501.39,1,3,3,133,7,At-Risk
15448,2011-01-31 10:42:00,312,1,494.64,1,3,3,133,7,At-Risk
13600,2011-01-31 15:27:00,312,1,219.52,1,1,1,111,3,Lost
17619,2011-01-31 14:18:00,312,1,218.52,1,1,1,111,3,Lost
16403,2011-01-31 13:39:00,312,1,177.50,1,1,1,111,3,Lost
18095,2011-01-31 12:50:00,312,1,580.05,1,3,3,133,7,At-Risk
17239,2011-01-31 09:41:00,312,1,382.50,1,2,2,122,5,Lost
14549,2011-02-01 13:47:00,311,1,289.24,1,2,2,122,5,Lost
13494,2011-02-01 11:58:00,311,1,316.26,1,2,2,122,5,Lost
12373,2011-02-01 13:10:00,311,1,364.60,1,2,2,122,5,Lost
17356,2011-02-01 11:07:00,311,1,178.22,1,1,1,111,3,Lost
15107,2011-02-01 14:46:00,311,1,319.50,1,2,2,122,5,Lost
14850,2011-02-01 11:21:00,311,1,325.75,1,2,2,122,5,Lost
12929,2011-02-01 12:08:00,311,1,117.85,1,1,1,111,3,Lost
15940,2011-02-01 16:18:00,311,1,35.80,1,1,1,111,3,Lost
14496,2011-02-01 09:01:00,311,1,538.81,1,3,3,133,7,At-Risk
17912,2011-02-02 14:25:00,310,1,311.01,1,2,2,122,5,Lost
18250,2011-02-02 13:16:00,310,1,349.27,1,2,2,122,5,Lost
14457,2011-02-02 09:39:00,310,1,113.64,1,1,1,111,3,Lost
14411,2011-02-02 10:56:00,310,1,1063.00,1,4,4,144,9,Cannot Lose Them
17223,2011-02-02 15:57:00,310,1,426.79,1,2,2,122,5,Lost
12559,2011-02-02 09:49:00,310,1,561.71,1,3,3,133,7,At-Risk
12350,2011-02-02 16:01:00,310,1,334.40,1,2,2,122,5,Lost
15226,2011-02-02 11:41:00,310,1,154.41,1,1,1,111,3,Lost
14497,2011-02-03 17:01:00,309,1,475.37,1,2,2,122,5,Lost
13800,2011-02-03 12:27:00,309,1,558.32,1,3,3,133,7,At-Risk
13581,2011-02-03 14:41:00,309,1,118.00,1,1,1,111,3,Lost
16030,2011-02-03 11:28:00,309,1,331.24,1,2,2,122,5,Lost
17226,2011-02-04 11:52:00,308,1,393.49,1,2,2,122,5,Lost
12410,2011-02-04 10:39:00,308,1,693.33,1,3,3,133,7,At-Risk
13963,2011-02-04 14:43:00,308,1,664.54,1,3,3,133,7,At-Risk
17517,2011-02-04 11:48:00,308,1,153.94,1,1,1,111,3,Lost
17291,2011-02-04 13:04:00,308,1,550.80,1,3,3,133,7,At-Risk
15090,2011-02-04 14:03:00,308,1,381.32,1,2,2,122,5,Lost
15808,2011-02-06 14:33:00,306,1,3734.97,1,5,5,155,11,Cannot Lose Them
14438,2011-02-06 14:56:00,306,1,131.90,1,1,1,111,3,Lost
13584,2011-02-06 12:49:00,306,1,142.40,1,1,1,111,3,Lost
17392,2011-02-06 12:48:00,306,1,457.91,1,2,2,122,5,Lost
12956,2011-02-06 16:08:00,306,1,108.07,1,1,1,111,3,Lost
14600,2011-02-07 09:48:00,305,1,393.33,1,2,2,122,5,Lost
14048,2011-02-07 14:53:00,305,1,409.93,1,2,2,122,5,Lost
13809,2011-02-07 13:15:00,305,1,155.05,1,1,1,111,3,Lost
17859,2011-02-08 10:32:00,304,1,148.21,1,1,1,111,3,Lost
15753,2011-02-08 12:41:00,304,1,79.20,1,1,1,111,3,Lost
17881,2011-02-08 17:16:00,304,1,133.35,1,1,1,111,3,Lost
15843,2011-02-09 10:19:00,303,1,118.95,1,1,1,111,3,Lost
17358,2011-02-09 16:57:00,303,1,365.85,1,2,2,122,5,Lost
15970,2011-02-09 12:08:00,303,1,314.10,1,2,2,122,5,Lost
12401,2011-02-09 13:50:00,303,1,84.30,1,1,1,111,3,Lost
17843,2011-02-09 15:33:00,303,1,205.48,1,1,1,111,3,Lost
14081,2011-02-10 16:17:00,302,1,934.52,1,3,3,133,7,At-Risk
17334,2011-02-10 14:59:00,302,1,307.02,1,2,2,122,5,Lost
16425,2011-02-10 14:30:00,302,1,302.70,1,2,2,122,5,Lost
13706,2011-02-10 09:21:00,302,1,330.79,1,2,2,122,5,Lost
12561,2011-02-10 11:39:00,302,1,238.85,1,1,1,111,3,Lost
16725,2011-02-10 16:52:00,302,1,781.02,1,3,3,133,7,At-Risk
14431,2011-02-10 10:40:00,302,1,470.36,1,2,2,122,5,Lost
16405,2011-02-10 15:24:00,302,1,167.25,1,1,1,111,3,Lost
13819,2011-02-11 10:38:00,301,1,1140.35,1,4,4,144,9,Cannot Lose Them
13672,2011-02-11 13:53:00,301,1,186.39,1,1,1,111,3,Lost
18159,2011-02-11 14:26:00,301,1,530.15,1,3,3,133,7,At-Risk
16897,2011-02-13 15:02:00,299,1,289.78,1,2,2,122,5,Lost
16084,2011-02-13 16:05:00,299,1,436.18,1,2,2,122,5,Lost
17829,2011-02-14 12:46:00,298,1,889.24,1,3,3,133,7,At-Risk
15236,2011-02-14 10:52:00,298,1,321.05,1,2,2,122,5,Lost
16738,2011-02-15 09:46:00,297,1,3.75,1,1,1,111,3,Lost
14176,2011-02-15 13:12:00,297,1,576.90,1,3,3,133,7,At-Risk
14760,2011-02-15 16:27:00,297,1,89.20,1,1,1,111,3,Lost
13893,2011-02-15 11:30:00,297,1,821.10,1,3,3,133,7,At-Risk
14935,2011-02-15 14:44:00,297,1,1784.71,1,4,4,144,9,Cannot Lose Them
16073,2011-02-15 15:41:00,297,1,122.40,1,1,1,111,3,Lost
15670,2011-02-16 10:50:00,296,1,173.05,1,1,1,111,3,Lost
16494,2011-02-16 12:49:00,296,1,826.53,1,3,3,133,7,At-Risk
16509,2011-02-16 09:25:00,296,1,363.70,1,2,2,122,5,Lost
16148,2011-02-16 14:01:00,296,1,76.32,1,1,1,111,3,Lost
14386,2011-02-16 09:45:00,296,1,142.40,1,1,1,111,3,Lost
14371,2011-02-17 16:35:00,295,1,100.50,1,1,1,111,3,Lost
18138,2011-02-17 14:51:00,295,1,152.65,1,1,1,111,3,Lost
13151,2011-02-17 12:29:00,295,1,1257.87,1,4,4,144,9,Cannot Lose Them
13932,2011-02-18 12:02:00,294,1,307.40,1,2,2,122,5,Lost
12852,2011-02-18 08:47:00,294,1,311.55,1,2,2,122,5,Lost
16765,2011-02-18 15:41:00,294,1,34.00,1,1,1,111,3,Lost
12988,2011-02-20 14:31:00,292,1,535.32,1,3,3,133,7,At-Risk
12707,2011-02-21 08:38:00,291,1,603.42,1,3,3,133,7,At-Risk
12365,2011-02-21 14:04:00,291,1,641.38,1,3,3,133,7,At-Risk
13044,2011-02-21 15:20:00,291,1,560.47,1,3,3,133,7,At-Risk
16349,2011-02-22 12:40:00,290,1,53.50,1,1,1,111,3,Lost
16546,2011-02-22 11:20:00,290,1,787.15,1,3,3,133,7,At-Risk
18114,2011-02-22 13:20:00,290,1,220.10,1,1,1,111,3,Lost
15303,2011-02-22 13:59:00,290,1,574.02,1,3,3,133,7,At-Risk
16913,2011-02-22 12:56:00,290,1,113.44,1,1,1,111,3,Lost
15397,2011-02-23 09:25:00,289,1,94.00,1,1,1,111,3,Lost
17171,2011-02-23 16:37:00,289,1,224.91,1,1,1,111,3,Lost
18068,2011-02-23 14:50:00,289,1,101.70,1,1,1,111,3,Lost
17499,2011-02-23 09:14:00,289,1,622.88,1,3,3,133,7,At-Risk
18056,2011-02-24 14:27:00,288,1,363.65,1,2,2,122,5,Lost
15543,2011-02-24 15:26:00,288,1,127.86,1,1,1,111,3,Lost
13501,2011-02-24 18:59:00,288,1,1340.32,1,4,4,144,9,Cannot Lose Them
12945,2011-02-24 14:15:00,288,1,462.95,1,2,2,122,5,Lost
16072,2011-02-24 14:32:00,288,1,584.32,1,3,3,133,7,At-Risk
16997,2011-02-24 17:28:00,288,1,702.00,1,3,3,133,7,At-Risk
12565,2011-02-24 10:34:00,288,1,145.92,1,1,1,111,3,Lost
13751,2011-02-24 15:56:00,288,1,296.25,1,2,2,122,5,Lost
17117,2011-02-24 13:54:00,288,1,116.20,1,1,1,111,3,Lost
12361,2011-02-25 13:51:00,287,1,189.90,1,1,1,111,3,Lost
13345,2011-02-25 09:01:00,287,1,389.50,1,2,2,122,5,Lost
13973,2011-02-25 15:21:00,287,1,264.70,1,2,2,122,5,Lost
13753,2011-02-25 12:48:00,287,1,741.26,1,3,3,133,7,At-Risk
16598,2011-02-27 11:42:00,285,1,145.05,1,1,1,111,3,Lost
13684,2011-02-27 10:13:00,285,1,67.23,1,1,1,111,3,Lost
14046,2011-02-28 14:48:00,284,1,154.99,1,1,1,111,3,Lost
14036,2011-02-28 09:26:00,284,1,626.65,1,3,3,133,7,At-Risk
17165,2011-02-28 16:39:00,284,1,158.68,1,1,1,111,3,Lost
12509,2011-02-28 14:45:00,284,1,176.50,1,1,1,111,3,Lost
16339,2011-02-28 13:41:00,284,1,109.95,1,1,1,111,3,Lost
15709,2011-03-01 10:38:00,283,1,133.25,1,1,1,111,3,Lost
15319,2011-03-01 12:48:00,283,1,204.50,1,1,1,111,3,Lost
15257,2011-03-01 12:58:00,283,1,317.15,1,2,2,122,5,Lost
12866,2011-03-01 14:11:00,283,1,559.12,1,3,3,133,7,At-Risk
15456,2011-03-01 13:51:00,283,1,447.22,1,2,2,122,5,Lost
13166,2011-03-01 15:16:00,283,1,417.20,1,2,2,122,5,Lost
16078,2011-03-01 09:47:00,283,1,79.20,1,1,1,111,3,Lost
15733,2011-03-02 09:05:00,282,1,162.30,1,1,1,111,3,Lost
16792,2011-03-02 14:41:00,282,1,110.38,1,1,1,111,3,Lost
12834,2011-03-02 09:49:00,282,1,312.38,1,2,2,122,5,Lost
17923,2011-03-02 15:15:00,282,1,207.50,1,1,1,111,3,Lost
13497,2011-03-02 09:04:00,282,1,348.05,1,2,2,122,5,Lost
12873,2011-03-02 14:58:00,282,1,374.00,1,2,2,122,5,Lost
17789,2011-03-03 13:14:00,281,1,225.90,1,1,1,111,3,Lost
16159,2011-03-03 12:27:00,281,1,348.20,1,2,2,122,5,Lost
13715,2011-03-03 19:21:00,281,1,1079.34,1,4,4,144,9,Cannot Lose Them
17995,2011-03-03 12:30:00,281,1,76.10,1,1,1,111,3,Lost
15087,2011-03-03 10:34:00,281,1,306.94,1,2,2,122,5,Lost
14483,2011-03-03 10:26:00,281,1,137.10,1,1,1,111,3,Lost
12817,2011-03-03 16:28:00,281,1,166.04,1,1,1,111,3,Lost
14670,2011-03-04 14:13:00,280,1,411.53,1,2,2,122,5,Lost
13382,2011-03-04 10:03:00,280,1,222.99,1,1,1,111,3,Lost
12755,2011-03-04 12:42:00,280,1,3811.95,1,5,5,155,11,Cannot Lose Them
14779,2011-03-04 12:42:00,280,1,386.15,1,2,2,122,5,Lost
17508,2011-03-04 08:10:00,280,1,387.31,1,2,2,122,5,Lost
17325,2011-03-04 13:09:00,280,1,96.80,1,1,1,111,3,Lost
17535,2011-03-04 15:20:00,280,1,164.40,1,1,1,111,3,Lost
14570,2011-03-04 10:58:00,280,1,218.06,1,1,1,111,3,Lost
14247,2011-03-06 15:21:00,278,1,136.77,1,1,1,111,3,Lost
16517,2011-03-07 13:50:00,277,1,162.70,1,1,1,111,3,Lost
14012,2011-03-07 12:26:00,277,1,328.80,1,2,2,122,5,Lost
17654,2011-03-07 13:17:00,277,1,117.55,1,1,1,111,3,Lost
15869,2011-03-07 17:23:00,277,1,149.64,1,1,1,111,3,Lost
15554,2011-03-07 09:00:00,277,1,217.20,1,1,1,111,3,Lost
18280,2011-03-07 09:52:00,277,1,180.60,1,1,1,111,3,Lost
12614,2011-03-07 10:22:00,277,1,315.60,1,2,2,122,5,Lost
17639,2011-03-08 15:22:00,276,1,108.50,1,1,1,111,3,Lost
12623,2011-03-08 13:50:00,276,1,305.10,1,2,2,122,5,Lost
14586,2011-03-08 10:04:00,276,1,237.36,1,1,1,111,3,Lost
16917,2011-03-08 11:55:00,276,1,391.52,1,2,2,122,5,Lost
15234,2011-03-08 08:53:00,276,1,197.00,1,1,1,111,3,Lost
15944,2011-03-08 10:33:00,276,1,325.10,1,2,2,122,5,Lost
17138,2011-03-09 11:54:00,275,1,380.50,1,2,2,122,5,Lost
13093,2011-03-09 12:14:00,275,1,7832.47,1,5,5,155,11,Cannot Lose Them
15057,2011-03-09 15:17:00,275,1,1489.50,1,4,4,144,9,Cannot Lose Them
14165,2011-03-09 12:39:00,275,1,122.54,1,1,1,111,3,Lost
13493,2011-03-09 15:35:00,275,1,618.63,1,3,3,133,7,At-Risk
12881,2011-03-09 11:44:00,275,1,298.00,1,2,2,122,5,Lost
14350,2011-03-10 14:14:00,274,1,282.93,1,2,2,122,5,Lost
16471,2011-03-10 09:41:00,274,1,223.95,1,1,1,111,3,Lost
16625,2011-03-10 12:50:00,274,1,333.08,1,2,2,122,5,Lost
18086,2011-03-10 13:34:00,274,1,101.34,1,1,1,111,3,Lost
14727,2011-03-10 14:45:00,274,1,268.58,1,2,2,122,5,Lost
14603,2011-03-10 10:27:00,274,1,660.00,1,3,3,133,7,At-Risk
15308,2011-03-10 13:08:00,274,1,310.47,1,2,2,122,5,Lost
15049,2011-03-11 12:13:00,273,1,121.17,1,1,1,111,3,Lost
14114,2011-03-11 09:42:00,273,1,386.53,1,2,2,122,5,Lost
16766,2011-03-11 15:22:00,273,1,1145.60,1,4,4,144,9,Cannot Lose Them
13043,2011-03-11 14:52:00,273,1,516.42,1,3,3,133,7,At-Risk
17194,2011-03-11 12:05:00,273,1,262.62,1,2,2,122,5,Lost
13133,2011-03-11 10:31:00,273,1,109.80,1,1,1,111,3,Lost
13226,2011-03-11 14:35:00,273,1,108.21,1,1,1,111,3,Lost
13708,2011-03-13 13:46:00,271,1,296.88,1,2,2,122,5,Lost
15388,2011-03-14 13:53:00,270,1,140.54,1,1,1,111,3,Lost
14962,2011-03-14 09:42:00,270,1,126.70,1,1,1,111,3,Lost
17542,2011-03-15 11:45:00,269,1,170.75,1,1,1,111,3,Lost
13121,2011-03-15 16:47:00,269,1,283.73,1,2,2,122,5,Lost
16037,2011-03-15 09:13:00,269,1,855.02,1,3,3,133,7,At-Risk
16392,2011-03-15 12:11:00,269,1,221.19,1,1,1,111,3,Lost
13716,2011-03-15 13:49:00,269,1,138.28,1,1,1,111,3,Lost
15047,2011-03-15 10:49:00,269,1,343.62,1,2,2,122,5,Lost
13261,2011-03-16 12:22:00,268,1,944.10,1,4,4,144,9,Cannot Lose Them
16152,2011-03-16 09:47:00,268,1,1829.04,1,4,4,144,9,Cannot Lose Them
16297,2011-03-16 08:29:00,268,1,301.90,1,2,2,122,5,Lost
13299,2011-03-16 12:55:00,268,1,142.50,1,1,1,111,3,Lost
13358,2011-03-16 11:52:00,268,1,439.03,1,2,2,122,5,Lost
16976,2011-03-17 16:33:00,267,1,251.52,1,2,2,122,5,Lost
13707,2011-03-17 18:03:00,267,1,806.41,1,3,3,133,7,At-Risk
16377,2011-03-17 15:41:00,267,1,676.20,1,3,3,133,7,At-Risk
13185,2011-03-17 11:56:00,267,1,71.40,1,1,1,111,3,Lost
12845,2011-03-17 13:34:00,267,1,354.09,1,2,2,122,5,Lost
14840,2011-03-17 12:00:00,267,1,62.85,1,1,1,111,3,Lost
13216,2011-03-17 12:18:00,267,1,333.74,1,2,2,122,5,Lost
16216,2011-03-17 15:34:00,267,1,914.93,1,3,3,133,7,At-Risk
12514,2011-03-17 16:38:00,267,1,1017.68,1,4,4,144,9,Cannot Lose Them
15019,2011-03-18 12:35:00,266,1,266.00,1,2,2,122,5,Lost
14066,2011-03-18 12:21:00,266,1,152.55,1,1,1,111,3,Lost
15695,2011-03-18 08:32:00,266,1,409.98,1,2,2,122,5,Lost
14155,2011-03-18 14:13:00,266,1,118.75,1,1,1,111,3,Lost
13072,2011-03-18 08:12:00,266,1,177.15,1,1,1,111,3,Lost
17060,2011-03-18 13:27:00,266,1,234.24,1,1,1,111,3,Lost
16716,2011-03-18 10:03:00,266,1,901.20,1,3,3,133,7,At-Risk
16256,2011-03-18 12:18:00,266,1,752.43,1,3,3,133,7,At-Risk
14633,2011-03-18 17:07:00,266,1,344.90,1,2,2,122,5,Lost
14059,2011-03-18 10:06:00,266,1,183.60,1,1,1,111,3,Lost
14041,2011-03-18 13:25:00,266,1,141.41,1,1,1,111,3,Lost
16096,2011-03-20 13:38:00,264,1,320.62,1,2,2,122,5,Lost
17230,2011-03-20 16:12:00,264,1,3638.41,1,5,5,155,11,Cannot Lose Them
15703,2011-03-20 10:51:00,264,1,211.50,1,1,1,111,3,Lost
15408,2011-03-20 15:02:00,264,1,267.18,1,2,2,122,5,Lost
15445,2011-03-20 15:06:00,264,1,113.50,1,1,1,111,3,Lost
12902,2011-03-20 12:06:00,264,1,138.68,1,1,1,111,3,Lost
16402,2011-03-20 12:25:00,264,1,299.60,1,2,2,122,5,Lost
14693,2011-03-20 12:50:00,264,1,172.90,1,1,1,111,3,Lost
13262,2011-03-21 15:06:00,263,1,200.29,1,1,1,111,3,Lost
13934,2011-03-21 08:39:00,263,1,922.10,1,3,3,133,7,At-Risk
14762,2011-03-21 08:20:00,263,1,300.52,1,2,2,122,5,Lost
16619,2011-03-21 08:18:00,263,1,226.21,1,1,1,111,3,Lost
18224,2011-03-21 10:30:00,263,1,158.95,1,1,1,111,3,Lost
17678,2011-03-21 11:52:00,263,1,298.11,1,2,2,122,5,Lost
16427,2011-03-21 17:10:00,263,1,241.06,1,1,1,111,3,Lost
17763,2011-03-21 14:25:00,263,1,15.00,1,1,1,111,3,Lost
15437,2011-03-22 13:11:00,262,1,200.16,1,1,1,111,3,Lost
14632,2011-03-22 08:49:00,262,1,114.56,1,1,1,111,3,Lost
16135,2011-03-22 12:30:00,262,1,517.55,1,3,3,133,7,At-Risk
12831,2011-03-22 13:02:00,262,1,215.05,1,1,1,111,3,Lost
15457,2011-03-22 15:31:00,262,1,237.07,1,1,1,111,3,Lost
16721,2011-03-22 16:08:00,262,1,292.47,1,2,2,122,5,Lost
17507,2011-03-23 11:48:00,261,1,605.58,1,3,3,133,7,At-Risk
13239,2011-03-23 10:25:00,261,1,329.56,1,2,2,122,5,Lost
17102,2011-03-23 10:08:00,261,1,25.50,1,1,1,111,3,Lost
17486,2011-03-23 14:00:00,261,1,396.87,1,2,2,122,5,Lost
14870,2011-03-23 10:51:00,261,1,327.25,1,2,2,122,5,Lost
16250,2011-03-23 15:07:00,261,1,389.44,1,2,2,122,5,Lost
12564,2011-03-23 14:55:00,261,1,456.90,1,2,2,122,5,Lost
13132,2011-03-23 12:44:00,261,1,77.30,1,1,1,111,3,Lost
18191,2011-03-23 12:08:00,261,1,207.80,1,1,1,111,3,Lost
12818,2011-03-23 12:06:00,261,1,1542.08,1,4,4,144,9,Cannot Lose Them
14256,2011-03-24 13:17:00,260,1,969.06,1,4,4,144,9,Cannot Lose Them
12811,2011-03-24 09:42:00,260,1,514.85,1,3,3,133,7,At-Risk
15178,2011-03-24 15:12:00,260,1,40.50,1,1,1,111,3,Lost
16769,2011-03-24 13:41:00,260,1,380.39,1,2,2,122,5,Lost
16063,2011-03-24 14:56:00,260,1,335.32,1,2,2,122,5,Lost
14348,2011-03-24 16:23:00,260,1,409.57,1,2,2,122,5,Lost
13512,2011-03-24 10:03:00,260,1,251.21,1,2,2,122,5,Lost
13341,2011-03-24 09:50:00,260,1,775.85,1,3,3,133,7,At-Risk
17698,2011-03-24 11:34:00,260,1,154.95,1,1,1,111,3,Lost
16022,2011-03-24 13:16:00,260,1,628.28,1,3,3,133,7,At-Risk
13452,2011-03-25 14:19:00,259,1,590.00,1,3,3,133,7,At-Risk
14536,2011-03-25 12:21:00,259,1,171.80,1,1,1,111,3,Lost
18071,2011-03-27 11:59:00,257,1,453.00,1,2,2,122,5,Lost
14476,2011-03-27 15:39:00,257,1,215.70,1,1,1,111,3,Lost
13357,2011-03-27 13:56:00,257,1,609.95,1,3,3,133,7,At-Risk
16692,2011-03-28 14:46:00,256,1,1276.00,1,4,4,144,9,Cannot Lose Them
13368,2011-03-28 09:59:00,256,1,623.40,1,3,3,133,7,At-Risk
15083,2011-03-28 12:18:00,256,1,88.20,1,1,1,111,3,Lost
18010,2011-03-28 12:27:00,256,1,174.80,1,1,1,111,3,Lost
12792,2011-03-28 11:36:00,256,1,400.54,1,2,2,122,5,Lost
13649,2011-03-28 11:51:00,256,1,346.60,1,2,2,122,5,Lost
15032,2011-03-28 15:03:00,256,1,4959.10,1,5,5,155,11,Cannot Lose Them
15589,2011-03-29 09:54:00,255,1,478.53,1,2,2,122,5,Lost
16980,2011-03-29 16:36:00,255,1,1078.96,1,4,4,144,9,Cannot Lose Them
13803,2011-03-29 12:57:00,255,1,277.07,1,2,2,122,5,Lost
13439,2011-03-29 14:20:00,255,1,283.71,1,2,2,122,5,Lost
17775,2011-03-30 10:50:00,254,1,56.40,1,1,1,111,3,Lost
15424,2011-03-30 13:02:00,254,1,383.34,1,2,2,122,5,Lost
15832,2011-03-30 15:29:00,254,1,836.79,1,3,3,133,7,At-Risk
18108,2011-03-30 13:56:00,254,1,271.00,1,2,2,122,5,Lost
15353,2011-03-30 12:15:00,254,1,777.02,1,3,3,133,7,At-Risk
15528,2011-03-30 16:14:00,254,1,229.33,1,1,1,111,3,Lost
17212,2011-03-31 19:42:00,253,1,226.85,1,1,1,111,3,Lost
13060,2011-03-31 11:37:00,253,1,307.53,1,2,2,122,5,Lost
14479,2011-03-31 09:07:00,253,1,316.25,1,2,2,122,5,Lost
14957,2011-03-31 17:59:00,253,1,58.49,1,1,1,111,3,Lost
17438,2011-03-31 10:26:00,253,1,388.45,1,2,2,122,5,Lost
14890,2011-03-31 11:57:00,253,1,125.65,1,1,1,111,3,Lost
15894,2011-03-31 13:50:00,253,1,263.55,1,2,2,122,5,Lost
17580,2011-04-01 12:41:00,252,1,215.72,1,1,1,111,3,Lost
14886,2011-04-01 08:56:00,252,1,364.80,1,2,2,122,5,Lost
13462,2011-04-01 11:20:00,252,1,151.50,1,1,1,111,3,Lost
13626,2011-04-01 10:05:00,252,1,257.23,1,2,2,122,5,Lost
17701,2011-04-01 12:25:00,252,1,417.95,1,2,2,122,5,Lost
15691,2011-04-01 15:13:00,252,1,136.80,1,1,1,111,3,Lost
13841,2011-04-01 12:10:00,252,1,85.00,1,1,1,111,3,Lost
16162,2011-04-01 15:03:00,252,1,37.40,1,1,1,111,3,Lost
13781,2011-04-03 12:08:00,250,1,127.84,1,1,1,111,3,Lost
18185,2011-04-04 13:42:00,249,1,304.25,1,2,2,122,5,Lost
16142,2011-04-04 10:16:00,249,1,535.34,1,3,3,133,7,At-Risk
17956,2011-04-04 13:47:00,249,1,12.75,1,1,1,111,3,Lost
13059,2011-04-04 10:40:00,249,1,183.40,1,1,1,111,3,Lost
14747,2011-04-04 14:09:00,249,1,328.20,1,2,2,122,5,Lost
16105,2011-04-05 10:13:00,248,1,336.96,1,2,2,122,5,Lost
16586,2011-04-05 09:32:00,248,1,463.95,1,2,2,122,5,Lost
15442,2011-04-05 12:24:00,248,1,594.00,1,3,3,133,7,At-Risk
17492,2011-04-05 15:21:00,248,1,374.57,1,2,2,122,5,Lost
14964,2011-04-06 14:13:00,247,1,206.21,1,1,1,111,3,Lost
14220,2011-04-06 13:23:00,247,1,632.40,1,3,3,133,7,At-Risk
15917,2011-04-06 10:40:00,247,1,123.10,1,1,1,111,3,Lost
16378,2011-04-06 15:07:00,247,1,362.95,1,2,2,122,5,Lost
17140,2011-04-06 13:33:00,247,1,465.32,1,2,2,122,5,Lost
13863,2011-04-06 10:20:00,247,1,305.78,1,2,2,122,5,Lost
17906,2011-04-06 17:25:00,247,1,72.90,1,1,1,111,3,Lost
13712,2011-04-07 12:33:00,246,1,228.84,1,1,1,111,3,Lost
16144,2011-04-07 10:09:00,246,1,175.20,1,1,1,111,3,Lost
13718,2011-04-07 13:24:00,246,1,306.55,1,2,2,122,5,Lost
12580,2011-04-07 10:24:00,246,1,415.70,1,2,2,122,5,Lost
14465,2011-04-07 12:38:00,246,1,1058.62,1,4,4,144,9,Cannot Lose Them
14981,2011-04-07 13:45:00,246,1,102.12,1,1,1,111,3,Lost
14924,2011-04-08 09:25:00,245,1,310.05,1,2,2,122,5,Lost
14619,2011-04-08 07:37:00,245,1,394.44,1,2,2,122,5,Lost
16623,2011-04-08 10:09:00,245,1,129.45,1,1,1,111,3,Lost
15119,2011-04-08 09:08:00,245,1,266.40,1,2,2,122,5,Lost
16643,2011-04-08 08:24:00,245,1,487.51,1,2,2,122,5,Lost
16010,2011-04-08 10:14:00,245,1,407.50,1,2,2,122,5,Lost
15775,2011-04-08 12:56:00,245,1,104.90,1,1,1,111,3,Lost
17035,2011-04-08 11:23:00,245,1,433.53,1,2,2,122,5,Lost
15109,2011-04-08 09:58:00,245,1,484.95,1,2,2,122,5,Lost
15655,2011-04-10 15:25:00,243,1,560.67,1,3,3,133,7,At-Risk
12447,2011-04-10 13:25:00,243,1,476.49,1,2,2,122,5,Lost
18129,2011-04-10 14:16:00,243,1,112.55,1,1,1,111,3,Lost
13508,2011-04-10 11:58:00,243,1,110.97,1,1,1,111,3,Lost
13570,2011-04-10 13:36:00,243,1,239.49,1,1,1,111,3,Lost
12982,2011-04-11 11:51:00,242,1,390.54,1,2,2,122,5,Lost
14616,2011-04-11 09:54:00,242,1,406.08,1,2,2,122,5,Lost
16552,2011-04-11 10:04:00,242,1,379.73,1,2,2,122,5,Lost
14326,2011-04-11 15:04:00,242,1,183.85,1,1,1,111,3,Lost
17574,2011-04-11 09:47:00,242,1,185.65,1,1,1,111,3,Lost
14311,2011-04-11 10:14:00,242,1,310.26,1,2,2,122,5,Lost
14339,2011-04-11 11:06:00,242,1,309.52,1,2,2,122,5,Lost
13484,2011-04-12 16:30:00,241,1,313.80,1,2,2,122,5,Lost
15212,2011-04-12 13:45:00,241,1,101.80,1,1,1,111,3,Lost
14669,2011-04-12 11:43:00,241,1,1269.99,1,4,4,144,9,Cannot Lose Them
17278,2011-04-12 13:10:00,241,1,246.04,1,1,1,111,3,Lost
15777,2011-04-12 16:43:00,241,1,1047.11,1,4,4,144,9,Cannot Lose Them
16697,2011-04-12 17:12:00,241,1,112.75,1,1,1,111,3,Lost
17972,2011-04-12 12:16:00,241,1,136.04,1,1,1,111,3,Lost
17746,2011-04-13 14:31:00,240,1,110.25,1,1,1,111,3,Lost
13740,2011-04-13 10:32:00,240,1,350.75,1,2,2,122,5,Lost
15147,2011-04-13 15:57:00,240,1,623.50,1,3,3,133,7,At-Risk
13221,2011-04-13 16:58:00,240,1,847.41,1,3,3,133,7,At-Risk
16097,2011-04-13 13:47:00,240,1,185.05,1,1,1,111,3,Lost
15139,2011-04-14 11:39:00,239,1,178.96,1,1,1,111,3,Lost
16957,2011-04-14 13:56:00,239,1,416.64,1,2,2,122,5,Lost
15935,2011-04-14 13:27:00,239,1,416.86,1,2,2,122,5,Lost
17601,2011-04-14 18:02:00,239,1,116.01,1,1,1,111,3,Lost
14105,2011-04-14 17:58:00,239,1,1266.23,1,4,4,144,9,Cannot Lose Them
17142,2011-04-14 18:22:00,239,1,579.00,1,3,3,133,7,At-Risk
14154,2011-04-14 16:26:00,239,1,1345.62,1,4,4,144,9,Cannot Lose Them
15230,2011-04-14 14:39:00,239,1,429.60,1,2,2,122,5,Lost
15135,2011-04-14 19:16:00,239,1,139.05,1,1,1,111,3,Lost
17362,2011-04-14 14:43:00,239,1,312.23,1,2,2,122,5,Lost
14206,2011-04-14 16:38:00,239,1,328.16,1,2,2,122,5,Lost
12639,2011-04-15 12:48:00,238,1,486.10,1,2,2,122,5,Lost
12582,2011-04-15 08:45:00,238,1,511.36,1,3,3,133,7,At-Risk
17367,2011-04-15 14:21:00,238,1,168.40,1,1,1,111,3,Lost
12769,2011-04-15 10:25:00,238,1,1143.60,1,4,4,144,9,Cannot Lose Them
13120,2011-04-15 10:19:00,238,1,30.60,1,1,1,111,3,Lost
15246,2011-04-15 14:45:00,238,1,514.15,1,3,3,133,7,At-Risk
18213,2011-04-17 10:21:00,236,1,232.48,1,1,1,111,3,Lost
17697,2011-04-17 15:40:00,236,1,338.95,1,2,2,122,5,Lost
16193,2011-04-17 11:45:00,236,1,314.45,1,2,2,122,5,Lost
14532,2011-04-17 13:05:00,236,1,932.85,1,3,3,133,7,At-Risk
12878,2011-04-17 13:07:00,236,1,854.99,1,3,3,133,7,At-Risk
17582,2011-04-17 13:18:00,236,1,175.27,1,1,1,111,3,Lost
13474,2011-04-17 13:53:00,236,1,229.59,1,1,1,111,3,Lost
17990,2011-04-17 11:44:00,236,1,630.84,1,3,3,133,7,At-Risk
15749,2011-04-18 13:20:00,235,1,44534.30,1,5,5,155,11,Cannot Lose Them
18009,2011-04-18 13:36:00,235,1,257.34,1,2,2,122,5,Lost
12754,2011-04-18 09:00:00,235,1,3010.74,1,5,5,155,11,Cannot Lose Them
16217,2011-04-18 13:31:00,235,1,304.25,1,2,2,122,5,Lost
16947,2011-04-18 09:38:00,235,1,406.48,1,2,2,122,5,Lost
16617,2011-04-18 10:35:00,235,1,151.85,1,1,1,111,3,Lost
14242,2011-04-19 11:46:00,234,1,280.55,1,2,2,122,5,Lost
17217,2011-04-19 17:19:00,234,1,113.50,1,1,1,111,3,Lost
13101,2011-04-19 14:37:00,234,1,101.19,1,1,1,111,3,Lost
12733,2011-04-19 16:19:00,234,1,383.95,1,2,2,122,5,Lost
12585,2011-04-19 13:39:00,234,1,2040.10,1,4,4,144,9,Cannot Lose Them
15225,2011-04-19 14:51:00,234,1,409.40,1,2,2,122,5,Lost
15717,2011-04-19 13:21:00,234,1,150.30,1,1,1,111,3,Lost
14672,2011-04-19 10:19:00,234,1,765.55,1,3,3,133,7,At-Risk
17548,2011-04-20 12:01:00,233,1,103.30,1,1,1,111,3,Lost
15517,2011-04-20 14:02:00,233,1,267.03,1,2,2,122,5,Lost
14148,2011-04-20 12:02:00,233,1,157.20,1,1,1,111,3,Lost
17120,2011-04-20 15:21:00,233,1,307.46,1,2,2,122,5,Lost
17946,2011-04-20 17:00:00,233,1,149.58,1,1,1,111,3,Lost
13485,2011-04-20 13:58:00,233,1,454.24,1,2,2,122,5,Lost
14770,2011-04-21 14:21:00,232,1,876.42,1,3,3,133,7,At-Risk
16587,2011-04-21 15:51:00,232,1,225.15,1,1,1,111,3,Lost
12622,2011-04-21 16:39:00,232,1,180.10,1,1,1,111,3,Lost
16163,2011-04-21 15:15:00,232,1,856.60,1,3,3,133,7,At-Risk
13482,2011-04-21 17:03:00,232,1,184.64,1,1,1,111,3,Lost
12354,2011-04-21 13:11:00,232,1,1079.40,1,4,4,144,9,Cannot Lose Them
17718,2011-04-21 13:39:00,232,1,139.35,1,1,1,111,3,Lost
12506,2011-04-21 08:54:00,232,1,73.50,1,1,1,111,3,Lost
17277,2011-04-26 12:47:00,227,1,1065.35,1,4,4,144,9,Cannot Lose Them
16834,2011-04-26 09:37:00,227,1,413.46,1,2,2,122,5,Lost
16823,2011-04-26 15:00:00,227,1,358.38,1,2,2,122,5,Lost
12573,2011-04-26 15:52:00,227,1,160.54,1,1,1,111,3,Lost
18183,2011-04-26 15:26:00,227,1,632.07,1,3,3,133,7,At-Risk
17670,2011-04-26 09:12:00,227,1,205.70,1,1,1,111,3,Lost
16698,2011-04-27 10:52:00,226,1,1998.00,1,4,4,144,9,Cannot Lose Them
16965,2011-04-27 12:08:00,226,1,201.19,1,1,1,111,3,Lost
17187,2011-04-27 12:39:00,226,1,203.95,1,1,1,111,3,Lost
15891,2011-04-27 12:35:00,226,1,524.52,1,3,3,133,7,At-Risk
18220,2011-04-27 09:03:00,226,1,305.28,1,2,2,122,5,Lost
14022,2011-04-28 14:39:00,225,1,440.00,1,2,2,122,5,Lost
14271,2011-04-28 12:47:00,225,1,112.32,1,1,1,111,3,Lost
17893,2011-04-28 13:50:00,225,1,112.25,1,1,1,111,3,Lost
15143,2011-04-28 12:03:00,225,1,259.45,1,2,2,122,5,Lost
13229,2011-04-28 12:07:00,225,1,160.95,1,1,1,111,3,Lost
17991,2011-04-28 15:58:00,225,1,93.35,1,1,1,111,3,Lost
16227,2011-04-28 13:33:00,225,1,314.22,1,2,2,122,5,Lost
15210,2011-04-28 16:11:00,225,1,331.18,1,2,2,122,5,Lost
15223,2011-04-28 11:31:00,225,1,755.75,1,3,3,133,7,At-Risk
16634,2011-05-01 12:09:00,222,1,217.90,1,1,1,111,3,Lost
14304,2011-05-01 11:50:00,222,1,383.45,1,2,2,122,5,Lost
16055,2011-05-03 09:26:00,220,1,134.80,1,1,1,111,3,Lost
14149,2011-05-03 09:44:00,220,1,446.62,1,2,2,122,5,Lost
17501,2011-05-03 09:47:00,220,1,288.60,1,2,2,122,5,Lost
17394,2011-05-04 13:22:00,219,1,203.87,1,1,1,111,3,Lost
14245,2011-05-04 08:40:00,219,1,1693.45,1,4,4,144,9,Cannot Lose Them
13731,2011-05-04 14:33:00,219,1,610.59,1,3,3,133,7,At-Risk
16610,2011-05-04 13:13:00,219,1,75.66,1,1,1,111,3,Lost
17646,2011-05-04 13:17:00,219,1,1008.39,1,4,4,144,9,Cannot Lose Them
17443,2011-05-04 10:47:00,219,1,534.24,1,3,3,133,7,At-Risk
16457,2011-05-05 13:19:00,218,1,208.36,1,1,1,111,3,Lost
16990,2011-05-05 08:30:00,218,1,179.00,1,1,1,111,3,Lost
13711,2011-05-05 10:31:00,218,1,252.06,1,2,2,122,5,Lost
15759,2011-05-05 15:13:00,218,1,253.04,1,2,2,122,5,Lost
14199,2011-05-05 13:44:00,218,1,185.40,1,1,1,111,3,Lost
14697,2011-05-05 15:39:00,218,1,188.61,1,1,1,111,3,Lost
14423,2011-05-05 15:12:00,218,1,265.20,1,2,2,122,5,Lost
17374,2011-05-05 09:05:00,218,1,495.77,1,3,3,133,7,At-Risk
14393,2011-05-05 18:16:00,218,1,67.95,1,1,1,111,3,Lost
18239,2011-05-05 12:38:00,218,1,1561.61,1,4,4,144,9,Cannot Lose Them
17578,2011-05-05 18:38:00,218,1,143.46,1,1,1,111,3,Lost
13762,2011-05-05 09:15:00,218,1,306.72,1,2,2,122,5,Lost
16714,2011-05-05 11:09:00,218,1,1161.53,1,4,4,144,9,Cannot Lose Them
14340,2011-05-05 09:44:00,218,1,134.70,1,1,1,111,3,Lost
17849,2011-05-05 13:46:00,218,1,605.80,1,3,3,133,7,At-Risk
16109,2011-05-05 09:17:00,218,1,611.88,1,3,3,133,7,At-Risk
12414,2011-05-06 14:51:00,217,1,562.41,1,3,3,133,7,At-Risk
15668,2011-05-06 10:39:00,217,1,76.32,1,1,1,111,3,Lost
18078,2011-05-06 14:32:00,217,1,336.13,1,2,2,122,5,Lost
17604,2011-05-06 13:43:00,217,1,309.36,1,2,2,122,5,Lost
15552,2011-05-06 14:47:00,217,1,90.12,1,1,1,111,3,Lost
17174,2011-05-06 11:47:00,217,1,59.90,1,1,1,111,3,Lost
13952,2011-05-06 09:00:00,217,1,3251.07,1,5,5,155,11,Cannot Lose Them
15235,2011-05-06 09:44:00,217,1,2247.51,1,5,5,155,11,Cannot Lose Them
16319,2011-05-06 11:27:00,217,1,404.40,1,2,2,122,5,Lost
18227,2011-05-06 12:23:00,217,1,93.75,1,1,1,111,3,Lost
13723,2011-05-06 17:04:00,217,1,199.85,1,1,1,111,3,Lost
13642,2011-05-08 12:34:00,215,1,354.80,1,2,2,122,5,Lost
14353,2011-05-08 16:06:00,215,1,90.60,1,1,1,111,3,Lost
15092,2011-05-08 14:10:00,215,1,457.81,1,2,2,122,5,Lost
14161,2011-05-08 11:41:00,215,1,1110.52,1,4,4,144,9,Cannot Lose Them
13561,2011-05-08 12:39:00,215,1,141.86,1,1,1,111,3,Lost
16756,2011-05-09 09:33:00,214,1,239.40,1,1,1,111,3,Lost
12888,2011-05-09 16:02:00,214,1,354.12,1,2,2,122,5,Lost
14699,2011-05-09 14:54:00,214,1,109.13,1,1,1,111,3,Lost
18120,2011-05-09 13:45:00,214,1,111.15,1,1,1,111,3,Lost
12355,2011-05-09 13:49:00,214,1,459.40,1,2,2,122,5,Lost
12821,2011-05-09 15:51:00,214,1,92.72,1,1,1,111,3,Lost
15433,2011-05-10 10:45:00,213,1,533.30,1,3,3,133,7,At-Risk
15063,2011-05-10 13:25:00,213,1,370.80,1,2,2,122,5,Lost
16306,2011-05-10 12:12:00,213,1,632.27,1,3,3,133,7,At-Risk
15381,2011-05-10 11:55:00,213,1,596.85,1,3,3,133,7,At-Risk
16431,2011-05-10 14:09:00,213,1,642.81,1,3,3,133,7,At-Risk
13990,2011-05-10 15:19:00,213,1,311.30,1,2,2,122,5,Lost
14288,2011-05-10 13:22:00,213,1,426.60,1,2,2,122,5,Lost
17597,2011-05-10 11:54:00,213,1,2044.37,1,4,4,144,9,Cannot Lose Them
15729,2011-05-11 12:36:00,212,1,85.00,1,1,1,111,3,Lost
14920,2011-05-11 10:32:00,212,1,977.77,1,4,4,144,9,Cannot Lose Them
13052,2011-05-11 14:12:00,212,1,348.15,1,2,2,122,5,Lost
13235,2011-05-11 17:13:00,212,1,1031.07,1,4,4,144,9,Cannot Lose Them
17889,2011-05-11 16:26:00,212,1,203.87,1,1,1,111,3,Lost
15732,2011-05-11 14:24:00,212,1,294.12,1,2,2,122,5,Lost
18133,2011-05-11 14:14:00,212,1,931.50,1,3,3,133,7,At-Risk
15079,2011-05-11 12:45:00,212,1,895.61,1,3,3,133,7,At-Risk
12976,2011-05-12 09:55:00,211,1,738.60,1,3,3,133,7,At-Risk
12625,2011-05-12 09:54:00,211,1,2683.82,1,5,5,155,11,Cannot Lose Them
12590,2011-05-12 14:52:00,211,1,9864.26,1,5,5,155,11,Cannot Lose Them
13837,2011-05-12 12:10:00,211,1,271.24,1,2,2,122,5,Lost
16244,2011-05-12 10:18:00,211,1,1522.75,1,4,4,144,9,Cannot Lose Them
14988,2011-05-12 12:05:00,211,1,334.54,1,2,2,122,5,Lost
17970,2011-05-12 20:03:00,211,1,582.59,1,3,3,133,7,At-Risk
16116,2011-05-12 12:01:00,211,1,612.78,1,3,3,133,7,At-Risk
14000,2011-05-12 16:50:00,211,1,635.66,1,3,3,133,7,At-Risk
18218,2011-05-12 12:53:00,211,1,662.08,1,3,3,133,7,At-Risk
16006,2011-05-12 13:12:00,211,1,101.40,1,1,1,111,3,Lost
16943,2011-05-12 11:57:00,211,1,816.73,1,3,3,133,7,At-Risk
14873,2011-05-13 13:52:00,210,1,519.68,1,3,3,133,7,At-Risk
12770,2011-05-13 09:33:00,210,1,1351.45,1,4,4,144,9,Cannot Lose Them
12857,2011-05-13 10:20:00,210,1,1106.40,1,4,4,144,9,Cannot Lose Them
17263,2011-05-15 14:32:00,208,1,63.44,1,1,1,111,3,Lost
15333,2011-05-15 13:27:00,208,1,1028.56,1,4,4,144,9,Cannot Lose Them
14689,2011-05-15 11:22:00,208,1,112.80,1,1,1,111,3,Lost
14888,2011-05-16 14:58:00,207,1,369.20,1,2,2,122,5,Lost
14489,2011-05-16 14:51:00,207,1,463.38,1,2,2,122,5,Lost
15813,2011-05-16 08:13:00,207,1,1303.91,1,4,4,144,9,Cannot Lose Them
13976,2011-05-17 09:13:00,206,1,357.98,1,2,2,122,5,Lost
14320,2011-05-17 09:24:00,206,1,477.79,1,2,2,122,5,Lost
17504,2011-05-17 12:59:00,206,1,2997.03,1,5,5,155,11,Cannot Lose Them
14620,2011-05-18 11:58:00,205,1,412.78,1,2,2,122,5,Lost
13572,2011-05-18 11:59:00,205,1,1384.25,1,4,4,144,9,Cannot Lose Them
17556,2011-05-18 10:48:00,205,1,157.90,1,1,1,111,3,Lost
12690,2011-05-18 09:09:00,205,1,389.01,1,2,2,122,5,Lost
13531,2011-05-18 16:56:00,205,1,483.80,1,2,2,122,5,Lost
13659,2011-05-18 12:37:00,205,1,1573.20,1,4,4,144,9,Cannot Lose Them
17245,2011-05-19 10:43:00,204,1,171.45,1,1,1,111,3,Lost
13887,2011-05-19 17:22:00,204,1,349.55,1,2,2,122,5,Lost
14442,2011-05-19 11:36:00,204,1,1589.82,1,4,4,144,9,Cannot Lose Them
15648,2011-05-19 15:53:00,204,1,657.35,1,3,3,133,7,At-Risk
17871,2011-05-19 11:32:00,204,1,155.90,1,1,1,111,3,Lost
12897,2011-05-19 12:13:00,204,1,216.50,1,1,1,111,3,Lost
14896,2011-05-19 10:20:00,204,1,468.77,1,2,2,122,5,Lost
12353,2011-05-19 17:47:00,204,1,89.00,1,1,1,111,3,Lost
18048,2011-05-20 14:58:00,203,1,172.29,1,1,1,111,3,Lost
13243,2011-05-20 13:14:00,203,1,600.07,1,3,3,133,7,At-Risk
17455,2011-05-20 12:31:00,203,1,131.70,1,1,1,111,3,Lost
13391,2011-05-20 10:50:00,203,1,59.80,1,1,1,111,3,Lost
16226,2011-05-20 14:41:00,203,1,255.12,1,2,2,122,5,Lost
15705,2011-05-22 15:37:00,201,1,143.10,1,1,1,111,3,Lost
14647,2011-05-22 13:40:00,201,1,243.22,1,1,1,111,3,Lost
17176,2011-05-22 12:41:00,201,1,306.13,1,2,2,122,5,Lost
15724,2011-05-22 14:40:00,201,1,218.25,1,1,1,111,3,Lost
15292,2011-05-22 15:00:00,201,1,180.94,1,1,1,111,3,Lost
14195,2011-05-22 10:29:00,201,1,1012.00,1,4,4,144,9,Cannot Lose Them
13227,2011-05-22 11:47:00,201,1,257.70,1,2,2,122,5,Lost
13479,2011-05-23 10:45:00,200,1,300.95,1,2,2,122,5,Lost
13223,2011-05-23 13:03:00,200,1,163.20,1,1,1,111,3,Lost
13339,2011-05-23 08:31:00,200,1,860.12,1,3,3,133,7,At-Risk
13737,2011-05-23 16:32:00,200,1,339.60,1,2,2,122,5,Lost
17715,2011-05-23 12:32:00,200,1,326.40,1,2,2,122,5,Lost
14817,2011-05-23 13:35:00,200,1,1110.34,1,4,4,144,9,Cannot Lose Them
18202,2011-05-24 12:12:00,199,1,1396.99,1,4,4,144,9,Cannot Lose Them
17375,2011-05-24 15:45:00,199,1,400.10,1,2,2,122,5,Lost
15314,2011-05-24 14:39:00,199,1,327.97,1,2,2,122,5,Lost
15042,2011-05-24 16:25:00,199,1,135.93,1,1,1,111,3,Lost
15882,2011-05-25 11:35:00,198,1,516.36,1,3,3,133,7,At-Risk
16763,2011-05-25 11:52:00,198,1,611.85,1,3,3,133,7,At-Risk
16448,2011-05-25 16:28:00,198,1,188.89,1,1,1,111,3,Lost
17955,2011-05-25 12:00:00,198,1,557.30,1,3,3,133,7,At-Risk
14009,2011-05-25 15:47:00,198,1,695.61,1,3,3,133,7,At-Risk
17770,2011-05-25 12:34:00,198,1,1143.27,1,4,4,144,9,Cannot Lose Them
14985,2011-05-25 14:29:00,198,1,296.75,1,2,2,122,5,Lost
14705,2011-05-25 12:39:00,198,1,179.00,1,1,1,111,3,Lost
12547,2011-05-26 12:38:00,197,1,207.80,1,1,1,111,3,Lost
14740,2011-05-26 18:17:00,197,1,1448.21,1,4,4,144,9,Cannot Lose Them
12974,2011-05-26 09:33:00,197,1,144.80,1,1,1,111,3,Lost
14816,2011-05-26 13:16:00,197,1,271.85,1,2,2,122,5,Lost
16356,2011-05-26 11:51:00,197,1,211.77,1,1,1,111,3,Lost
17550,2011-05-26 14:09:00,197,1,267.16,1,2,2,122,5,Lost
16838,2011-05-26 13:13:00,197,1,588.85,1,3,3,133,7,At-Risk
16449,2011-05-26 10:25:00,197,1,707.69,1,3,3,133,7,At-Risk
15104,2011-05-27 12:29:00,196,1,1027.44,1,4,4,144,9,Cannot Lose Them
14625,2011-05-27 15:32:00,196,1,899.63,1,3,3,133,7,At-Risk
16323,2011-05-27 14:48:00,196,1,207.50,1,1,1,111,3,Lost
14280,2011-05-27 10:37:00,196,1,134.04,1,1,1,111,3,Lost
16275,2011-05-27 12:41:00,196,1,559.87,1,3,3,133,7,At-Risk
14828,2011-05-27 10:16:00,196,1,2139.76,1,5,5,155,11,Cannot Lose Them
12999,2011-05-27 13:24:00,196,1,455.88,1,2,2,122,5,Lost
13135,2011-05-27 10:52:00,196,1,3096.00,1,5,5,155,11,Cannot Lose Them
16034,2011-05-27 16:17:00,196,1,437.70,1,2,2,122,5,Lost
16889,2011-05-29 11:05:00,194,1,1578.67,1,4,4,144,9,Cannot Lose Them
17051,2011-05-29 14:13:00,194,1,247.14,1,1,1,111,3,Lost
12426,2011-05-29 12:26:00,194,1,582.73,1,3,3,133,7,At-Risk
16567,2011-05-29 13:57:00,194,1,865.60,1,3,3,133,7,At-Risk
17152,2011-05-29 12:19:00,194,1,1689.50,1,4,4,144,9,Cannot Lose Them
15897,2011-05-29 13:50:00,194,1,222.05,1,1,1,111,3,Lost
15925,2011-05-29 15:35:00,194,1,207.15,1,1,1,111,3,Lost
12790,2011-05-31 14:14:00,192,1,324.92,1,2,2,122,5,Lost
18231,2011-05-31 14:18:00,192,1,2083.27,1,5,5,155,11,Cannot Lose Them
16483,2011-05-31 13:08:00,192,1,139.35,1,1,1,111,3,Lost
16810,2011-05-31 15:32:00,192,1,309.54,1,2,2,122,5,Lost
18190,2011-05-31 14:48:00,192,1,284.46,1,2,2,122,5,Lost
17454,2011-05-31 13:58:00,192,1,517.53,1,3,3,133,7,At-Risk
13398,2011-05-31 13:17:00,192,1,457.34,1,2,2,122,5,Lost
13070,2011-05-31 13:45:00,192,1,228.80,1,1,1,111,3,Lost
17472,2011-06-01 14:57:00,191,1,710.29,1,3,3,133,7,At-Risk
16424,2011-06-01 13:40:00,191,1,133.56,1,1,1,111,3,Lost
13062,2011-06-01 15:12:00,191,1,346.98,1,2,2,122,5,Lost
15643,2011-06-01 07:38:00,191,1,664.00,1,3,3,133,7,At-Risk
14377,2011-06-01 13:32:00,191,1,617.05,1,3,3,133,7,At-Risk
13475,2011-06-01 13:52:00,191,1,1431.78,1,4,4,144,9,Cannot Lose Them
17900,2011-06-02 14:38:00,190,1,112.20,1,1,1,111,3,Lost
15658,2011-06-02 15:22:00,190,1,1024.10,1,4,4,144,9,Cannot Lose Them
14453,2011-06-02 14:15:00,190,1,119.93,1,1,1,111,3,Lost
17531,2011-06-02 19:17:00,190,1,296.70,1,2,2,122,5,Lost
16529,2011-06-02 17:23:00,190,1,455.25,1,2,2,122,5,Lost
15918,2011-06-02 11:42:00,190,1,334.23,1,2,2,122,5,Lost
16659,2011-06-03 15:03:00,189,1,39.12,1,1,1,111,3,Lost
15508,2011-06-03 15:43:00,189,1,1000.27,1,4,4,144,9,Cannot Lose Them
16230,2011-06-03 10:06:00,189,1,542.03,1,3,3,133,7,At-Risk
13885,2011-06-03 15:07:00,189,1,506.80,1,3,3,133,7,At-Risk
16117,2011-06-03 11:42:00,189,1,232.21,1,1,1,111,3,Lost
13294,2011-06-03 08:54:00,189,1,873.74,1,3,3,133,7,At-Risk
12601,2011-06-03 10:17:00,189,1,577.06,1,3,3,133,7,At-Risk
15405,2011-06-03 14:44:00,189,1,349.10,1,2,2,122,5,Lost
16967,2011-06-03 14:24:00,189,1,319.02,1,2,2,122,5,Lost
14512,2011-06-05 12:39:00,187,1,275.28,1,2,2,122,5,Lost
16963,2011-06-05 13:48:00,187,1,110.55,1,1,1,111,3,Lost
12468,2011-06-05 11:36:00,187,1,729.54,1,3,3,133,7,At-Risk
16883,2011-06-05 12:51:00,187,1,276.73,1,2,2,122,5,Lost
13682,2011-06-05 14:06:00,187,1,59.50,1,1,1,111,3,Lost
17708,2011-06-05 10:12:00,187,1,267.08,1,2,2,122,5,Lost
14682,2011-06-05 12:12:00,187,1,52.00,1,1,1,111,3,Lost
15852,2011-06-06 11:22:00,186,1,160.71,1,1,1,111,3,Lost
16611,2011-06-06 15:46:00,186,1,129.49,1,1,1,111,3,Lost
15386,2011-06-06 13:47:00,186,1,394.14,1,2,2,122,5,Lost
16520,2011-06-06 13:24:00,186,1,1046.57,1,4,4,144,9,Cannot Lose Them
12802,2011-06-06 09:36:00,186,1,427.58,1,2,2,122,5,Lost
16849,2011-06-06 09:16:00,186,1,124.57,1,1,1,111,3,Lost
12891,2011-06-07 12:31:00,185,1,331.00,1,2,2,122,5,Lost
14375,2011-06-07 13:44:00,185,1,257.68,1,2,2,122,5,Lost
12868,2011-06-07 10:42:00,185,1,1607.06,1,4,4,144,9,Cannot Lose Them
17854,2011-06-07 16:21:00,185,1,311.26,1,2,2,122,5,Lost
17124,2011-06-07 14:02:00,185,1,298.89,1,2,2,122,5,Lost
18072,2011-06-07 10:44:00,185,1,247.44,1,1,1,111,3,Lost
17707,2011-06-07 15:03:00,185,1,152.40,1,1,1,111,3,Lost
17874,2011-06-07 12:54:00,185,1,683.46,1,3,3,133,7,At-Risk
17026,2011-06-07 14:28:00,185,1,154.83,1,1,1,111,3,Lost
14867,2011-06-07 11:39:00,185,1,710.28,1,3,3,133,7,At-Risk
14542,2011-06-07 08:19:00,185,1,103.25,1,1,1,111,3,Lost
13395,2011-06-07 15:04:00,185,1,307.72,1,2,2,122,5,Lost
17987,2011-06-07 14:22:00,185,1,198.57,1,1,1,111,3,Lost
17409,2011-06-08 10:36:00,184,1,771.85,1,3,3,133,7,At-Risk
14622,2011-06-08 12:42:00,184,1,320.58,1,2,2,122,5,Lost
15609,2011-06-08 13:00:00,184,1,298.48,1,2,2,122,5,Lost
16832,2011-06-08 15:36:00,184,1,199.15,1,1,1,111,3,Lost
16955,2011-06-08 10:36:00,184,1,518.67,1,3,3,133,7,At-Risk
12383,2011-06-08 08:02:00,184,1,1850.56,1,4,4,144,9,Cannot Lose Them
13466,2011-06-08 16:39:00,184,1,307.90,1,2,2,122,5,Lost
14241,2011-06-09 11:46:00,183,1,213.70,1,1,1,111,3,Lost
13900,2011-06-09 19:26:00,183,1,740.95,1,3,3,133,7,At-Risk
14231,2011-06-09 11:05:00,183,1,925.71,1,3,3,133,7,At-Risk
15780,2011-06-09 12:01:00,183,1,475.28,1,2,2,122,5,Lost
14501,2011-06-09 12:02:00,183,1,251.21,1,2,2,122,5,Lost
16113,2011-06-09 16:16:00,183,1,161.38,1,1,1,111,3,Lost
13811,2011-06-09 09:54:00,183,1,814.50,1,3,3,133,7,At-Risk
17234,2011-06-10 11:20:00,182,1,149.89,1,1,1,111,3,Lost
16614,2011-06-10 11:36:00,182,1,506.19,1,3,3,133,7,At-Risk
13533,2011-06-10 11:54:00,182,1,270.79,1,2,2,122,5,Lost
13686,2011-06-10 09:10:00,182,1,72.00,1,1,1,111,3,Lost
16581,2011-06-10 10:05:00,182,1,105.84,1,1,1,111,3,Lost
15098,2011-06-10 15:33:00,182,1,39916.50,1,5,5,155,11,Cannot Lose Them
14823,2011-06-12 13:12:00,180,1,321.43,1,2,2,122,5,Lost
14450,2011-06-12 10:46:00,180,1,483.25,1,2,2,122,5,Lost
18281,2011-06-12 10:53:00,180,1,80.82,1,1,1,111,3,Lost
17795,2011-06-13 12:36:00,179,1,350.39,1,2,2,122,5,Lost
13080,2011-06-13 14:59:00,179,1,58.08,1,1,1,111,3,Lost
12732,2011-06-13 11:33:00,179,1,236.26,1,1,1,111,3,Lost
15069,2011-06-13 14:16:00,179,1,1109.53,1,4,4,144,9,Cannot Lose Them
13663,2011-06-13 15:44:00,179,1,189.47,1,1,1,111,3,Lost
17349,2011-06-13 14:29:00,179,1,110.75,1,1,1,111,3,Lost
14573,2011-06-13 11:15:00,179,1,1653.42,1,4,4,144,9,Cannot Lose Them
13936,2011-06-13 08:47:00,179,1,376.58,2,2,2,222,6,Lost
17749,2011-06-14 15:45:00,178,1,674.52,2,3,3,233,8,At-Risk
15912,2011-06-14 14:29:00,178,1,264.62,2,2,2,222,6,Lost
17179,2011-06-14 16:48:00,178,1,711.79,2,3,3,233,8,At-Risk
13476,2011-06-14 12:00:00,178,1,1238.47,2,4,4,244,10,Cannot Lose Them
12809,2011-06-15 10:51:00,177,1,489.31,2,2,2,222,6,Lost
16644,2011-06-15 12:39:00,177,1,833.78,2,3,3,233,8,At-Risk
15574,2011-06-15 12:01:00,177,1,702.25,2,3,3,233,8,At-Risk
17536,2011-06-15 13:23:00,177,1,76.50,2,1,1,211,4,Lost
16461,2011-06-15 12:07:00,177,1,151.42,2,1,1,211,4,Lost
13343,2011-06-15 12:24:00,177,1,353.43,2,2,2,222,6,Lost
14222,2011-06-15 16:42:00,177,1,683.17,2,3,3,233,8,At-Risk
18165,2011-06-15 13:23:00,177,1,302.46,2,2,2,222,6,Lost
15219,2011-06-16 16:57:00,176,1,305.75,2,2,2,222,6,Lost
15585,2011-06-16 08:38:00,176,1,455.30,2,2,2,222,6,Lost
17446,2011-06-16 10:42:00,176,1,120.90,2,1,1,211,4,Lost
16739,2011-06-16 09:17:00,176,1,323.00,2,2,2,222,6,Lost
12908,2011-06-16 15:39:00,176,1,750.00,2,3,3,233,8,At-Risk
13951,2011-06-16 16:43:00,176,1,674.45,2,3,3,233,8,At-Risk
16257,2011-06-16 10:11:00,176,1,46.95,2,1,1,211,4,Lost
13826,2011-06-16 13:48:00,176,1,189.50,2,1,1,211,4,Lost
18168,2011-06-16 19:21:00,176,1,1169.94,2,4,4,244,10,Cannot Lose Them
16276,2011-06-16 09:34:00,176,1,810.60,2,3,3,233,8,At-Risk
14037,2011-06-16 13:57:00,176,1,147.20,2,1,1,211,4,Lost
17204,2011-06-17 14:46:00,175,1,1564.56,2,4,4,244,10,Cannot Lose Them
14491,2011-06-17 15:22:00,175,1,340.93,2,2,2,222,6,Lost
16050,2011-06-19 11:44:00,173,1,137.90,2,1,1,211,4,Lost
17879,2011-06-19 12:36:00,173,1,178.52,2,1,1,211,4,Lost
15535,2011-06-19 16:02:00,173,1,536.40,2,3,3,233,8,At-Risk
13568,2011-06-19 14:42:00,173,1,192.85,2,1,1,211,4,Lost
14162,2011-06-19 11:36:00,173,1,289.36,2,2,2,222,6,Lost
16484,2011-06-19 12:06:00,173,1,404.30,2,2,2,222,6,Lost
13005,2011-06-19 10:53:00,173,1,513.70,2,3,3,233,8,At-Risk
13618,2011-06-19 11:09:00,173,1,177.34,2,1,1,211,4,Lost
12837,2011-06-19 16:07:00,173,1,134.10,2,1,1,211,4,Lost
16805,2011-06-19 11:23:00,173,1,460.59,2,2,2,222,6,Lost
18062,2011-06-19 14:47:00,173,1,720.52,2,3,3,233,8,At-Risk
17616,2011-06-19 10:11:00,173,1,571.20,2,3,3,233,8,At-Risk
15909,2011-06-19 10:38:00,173,1,191.94,2,1,1,211,4,Lost
15016,2011-06-20 12:06:00,172,1,170.04,2,1,1,211,4,Lost
15280,2011-06-20 17:14:00,172,1,113.12,2,1,1,211,4,Lost
15921,2011-06-20 11:03:00,172,1,336.03,2,2,2,222,6,Lost
15389,2011-06-20 16:18:00,172,1,500.00,2,3,3,233,8,At-Risk
15700,2011-06-20 16:53:00,172,1,696.68,2,3,3,233,8,At-Risk
15825,2011-06-20 13:27:00,172,1,532.94,2,3,3,233,8,At-Risk
16320,2011-06-20 15:25:00,172,1,1038.46,2,4,4,244,10,Cannot Lose Them
17897,2011-06-20 11:23:00,172,1,566.60,2,3,3,233,8,At-Risk
15076,2011-06-20 08:23:00,172,1,880.85,2,3,3,233,8,At-Risk
18260,2011-06-20 12:37:00,172,1,2643.20,2,5,5,255,12,Cannot Lose Them
15412,2011-06-21 15:24:00,171,1,190.53,2,1,1,211,4,Lost
16526,2011-06-21 12:02:00,171,1,290.36,2,2,2,222,6,Lost
15507,2011-06-21 11:19:00,171,1,492.36,2,3,3,233,8,At-Risk
17960,2011-06-21 14:15:00,171,1,73.78,2,1,1,211,4,Lost
14998,2011-06-22 17:30:00,170,1,429.87,2,2,2,222,6,Lost
15041,2011-06-22 16:16:00,170,1,180.35,2,1,1,211,4,Lost
14643,2011-06-22 14:41:00,170,1,693.81,2,3,3,233,8,At-Risk
17877,2011-06-22 13:00:00,170,1,237.61,2,1,1,211,4,Lost
16247,2011-06-22 14:23:00,170,1,114.56,2,1,1,211,4,Lost
16114,2011-06-22 10:13:00,170,1,135.75,2,1,1,211,4,Lost
16214,2011-06-22 11:30:00,170,1,1062.75,2,4,4,244,10,Cannot Lose Them
15384,2011-06-23 10:57:00,169,1,642.41,2,3,3,233,8,At-Risk
13300,2011-06-23 13:09:00,169,1,371.89,2,2,2,222,6,Lost
16287,2011-06-23 09:08:00,169,1,142.50,2,1,1,211,4,Lost
15130,2011-06-23 10:15:00,169,1,330.11,2,2,2,222,6,Lost
17709,2011-06-23 11:55:00,169,1,137.45,2,1,1,211,4,Lost
14584,2011-06-23 18:33:00,169,1,1042.26,2,4,4,244,10,Cannot Lose Them
13937,2011-06-23 16:35:00,169,1,158.85,2,1,1,211,4,Lost
15379,2011-06-23 13:13:00,169,1,3703.29,2,5,5,255,12,Cannot Lose Them
13929,2011-06-23 15:26:00,169,1,842.65,2,3,3,233,8,At-Risk
17630,2011-06-23 11:58:00,169,1,503.60,2,3,3,233,8,At-Risk
16647,2011-06-23 11:47:00,169,1,214.06,2,1,1,211,4,Lost
14656,2011-06-23 13:51:00,169,1,291.05,2,2,2,222,6,Lost
15258,2011-06-24 12:30:00,168,1,623.16,2,3,3,233,8,At-Risk
15665,2011-06-24 14:57:00,168,1,2242.01,2,5,5,255,12,Cannot Lose Them
13856,2011-06-24 10:03:00,168,1,388.50,2,2,2,222,6,Lost
17704,2011-06-24 09:40:00,168,1,885.19,2,3,3,233,8,At-Risk
12548,2011-06-26 15:35:00,166,1,95.20,2,1,1,211,4,Lost
14795,2011-06-26 13:04:00,166,1,131.45,2,1,1,211,4,Lost
15644,2011-06-26 14:54:00,166,1,813.00,2,3,3,233,8,At-Risk
17969,2011-06-26 13:00:00,166,1,228.20,2,1,1,211,4,Lost
15976,2011-06-27 13:00:00,165,1,430.94,2,2,2,222,6,Lost
12493,2011-06-27 10:17:00,165,1,433.74,2,2,2,222,6,Lost
17980,2011-06-27 12:01:00,165,1,811.45,2,3,3,233,8,At-Risk
18193,2011-06-27 13:58:00,165,1,243.76,2,1,1,211,4,Lost
13453,2011-06-27 09:34:00,165,1,356.98,2,2,2,222,6,Lost
17110,2011-06-27 12:58:00,165,1,163.30,2,1,1,211,4,Lost
16473,2011-06-28 09:10:00,164,1,316.11,2,2,2,222,6,Lost
15146,2011-06-28 12:09:00,164,1,1327.16,2,4,4,244,10,Cannot Lose Them
13656,2011-06-28 10:31:00,164,1,379.65,2,2,2,222,6,Lost
14481,2011-06-28 10:38:00,164,1,636.51,2,3,3,233,8,At-Risk
16545,2011-06-28 10:37:00,164,1,339.30,2,2,2,222,6,Lost
14351,2011-06-28 11:56:00,164,1,51.00,2,1,1,211,4,Lost
16801,2011-06-29 15:33:00,163,1,1619.73,2,4,4,244,10,Cannot Lose Them
14327,2011-06-29 13:58:00,163,1,311.65,2,2,2,222,6,Lost
16553,2011-06-29 15:42:00,163,1,5719.82,2,5,5,255,12,Cannot Lose Them
15537,2011-06-29 13:10:00,163,1,110.92,2,1,1,211,4,Lost
17391,2011-06-29 09:58:00,163,1,508.80,2,3,3,233,8,At-Risk
17408,2011-06-29 12:53:00,163,1,32.65,2,1,1,211,4,Lost
14803,2011-06-30 13:58:00,162,1,845.55,2,3,3,233,8,At-Risk
15578,2011-06-30 13:03:00,162,1,127.10,2,1,1,211,4,Lost
14267,2011-06-30 10:09:00,162,1,1516.24,2,4,4,244,10,Cannot Lose Them
17891,2011-06-30 20:08:00,162,1,203.86,2,1,1,211,4,Lost
13745,2011-06-30 16:43:00,162,1,300.04,2,2,2,222,6,Lost
12424,2011-06-30 12:06:00,162,1,1760.96,2,4,4,244,10,Cannot Lose Them
12922,2011-07-01 15:35:00,161,1,405.38,2,2,2,222,6,Lost
14016,2011-07-01 11:29:00,161,1,4341.21,2,5,5,255,12,Cannot Lose Them
16498,2011-07-01 15:07:00,161,1,100.97,2,1,1,211,4,Lost
15483,2011-07-01 13:07:00,161,1,233.81,2,1,1,211,4,Lost
17123,2011-07-01 10:47:00,161,1,345.30,2,2,2,222,6,Lost
14338,2011-07-01 14:08:00,161,1,588.22,2,3,3,233,8,At-Risk
17505,2011-07-01 12:50:00,161,1,1145.84,2,4,4,244,10,Cannot Lose Them
13833,2011-07-03 13:27:00,159,1,384.80,2,2,2,222,6,Lost
15007,2011-07-03 16:00:00,159,1,156.91,2,1,1,211,4,Lost
17105,2011-07-03 15:53:00,159,1,665.78,2,3,3,233,8,At-Risk
17899,2011-07-03 14:58:00,159,1,155.80,2,1,1,211,4,Lost
17939,2011-07-03 12:27:00,159,1,99.14,2,1,1,211,4,Lost
17781,2011-07-03 16:00:00,159,1,188.02,2,1,1,211,4,Lost
17464,2011-07-04 13:19:00,158,1,289.96,2,2,2,222,6,Lost
15349,2011-07-04 16:06:00,158,1,473.81,2,2,2,222,6,Lost
16344,2011-07-04 15:50:00,158,1,101.10,2,1,1,211,4,Lost
17765,2011-07-04 12:41:00,158,1,371.88,2,2,2,222,6,Lost
14905,2011-07-05 12:41:00,157,1,616.15,2,3,3,233,8,At-Risk
18203,2011-07-05 13:07:00,157,1,160.42,2,1,1,211,4,Lost
18142,2011-07-05 13:19:00,157,1,1019.52,2,4,4,244,10,Cannot Lose Them
14352,2011-07-05 15:41:00,157,1,1078.96,2,4,4,244,10,Cannot Lose Them
13085,2011-07-05 12:11:00,157,1,416.08,2,2,2,222,6,Lost
13338,2011-07-05 09:06:00,157,1,487.02,2,2,2,222,6,Lost
12980,2011-07-05 09:34:00,157,1,7374.90,2,5,5,255,12,Cannot Lose Them
16338,2011-07-05 13:56:00,157,1,214.80,2,1,1,211,4,Lost
16146,2011-07-05 14:20:00,157,1,734.13,2,3,3,233,8,At-Risk
17046,2011-07-05 14:24:00,157,1,642.02,2,3,3,233,8,At-Risk
15646,2011-07-05 09:53:00,157,1,447.64,2,2,2,222,6,Lost
12450,2011-07-06 14:41:00,156,1,197.88,2,1,1,211,4,Lost
15889,2011-07-06 11:10:00,156,1,446.87,2,2,2,222,6,Lost
16829,2011-07-06 10:48:00,156,1,197.22,2,1,1,211,4,Lost
14645,2011-07-06 09:15:00,156,1,597.09,2,3,3,233,8,At-Risk
17440,2011-07-06 11:54:00,156,1,186.42,2,1,1,211,4,Lost
12977,2011-07-06 16:40:00,156,1,39.24,2,1,1,211,4,Lost
15334,2011-07-06 11:22:00,156,1,351.67,2,2,2,222,6,Lost
16919,2011-07-06 13:35:00,156,1,2596.45,2,5,5,255,12,Cannot Lose Them
17341,2011-07-06 12:33:00,156,1,781.36,2,3,3,233,8,At-Risk
13253,2011-07-06 10:09:00,156,1,1030.40,2,4,4,244,10,Cannot Lose Them
13302,2011-07-07 17:56:00,155,1,63.75,2,1,1,211,4,Lost
14021,2011-07-07 15:46:00,155,1,631.90,2,3,3,233,8,At-Risk
15512,2011-07-07 10:20:00,155,1,121.00,2,1,1,211,4,Lost
14459,2011-07-07 13:35:00,155,1,1837.92,2,4,4,244,10,Cannot Lose Them
13291,2011-07-07 10:36:00,155,1,361.11,2,2,2,222,6,Lost
13583,2011-07-07 10:40:00,155,1,781.03,2,3,3,233,8,At-Risk
13699,2011-07-07 16:51:00,155,1,308.58,2,2,2,222,6,Lost
18013,2011-07-07 14:11:00,155,1,187.29,2,1,1,211,4,Lost
13955,2011-07-08 17:19:00,154,1,322.96,2,2,2,222,6,Lost
15920,2011-07-08 15:31:00,154,1,167.50,2,1,1,211,4,Lost
16398,2011-07-08 15:16:00,154,1,1705.80,2,4,4,244,10,Cannot Lose Them
14264,2011-07-08 10:20:00,154,1,333.97,2,2,2,222,6,Lost
16091,2011-07-08 08:45:00,154,1,315.06,2,2,2,222,6,Lost
18037,2011-07-08 13:39:00,154,1,70.02,2,1,1,211,4,Lost
15182,2011-07-08 13:37:00,154,1,622.85,2,3,3,233,8,At-Risk
12648,2011-07-08 11:55:00,154,1,318.05,2,2,2,222,6,Lost
14104,2011-07-08 12:50:00,154,1,216.21,2,1,1,211,4,Lost
17126,2011-07-10 13:52:00,152,1,1004.75,2,4,4,244,10,Cannot Lose Them
18024,2011-07-10 12:40:00,152,1,389.78,2,2,2,222,6,Lost
17787,2011-07-10 11:24:00,152,1,1865.19,2,4,4,244,10,Cannot Lose Them
15577,2011-07-11 17:03:00,151,1,258.88,2,2,2,222,6,Lost
17337,2011-07-11 14:55:00,151,1,2027.87,2,4,4,244,10,Cannot Lose Them
15265,2011-07-11 14:46:00,151,1,1506.12,2,4,4,244,10,Cannot Lose Them
15045,2011-07-11 11:33:00,151,1,735.66,2,3,3,233,8,At-Risk
13678,2011-07-11 10:14:00,151,1,232.60,2,1,1,211,4,Lost
13675,2011-07-11 12:57:00,151,1,486.82,2,2,2,222,6,Lost
12717,2011-07-11 14:47:00,151,1,1030.98,2,4,4,244,10,Cannot Lose Them
13754,2011-07-11 11:51:00,151,1,282.60,2,2,2,222,6,Lost
14552,2011-07-11 12:49:00,151,1,165.07,2,1,1,211,4,Lost
14548,2011-07-12 12:19:00,150,1,652.80,2,3,3,233,8,At-Risk
12669,2011-07-12 09:54:00,150,1,2744.03,2,5,5,255,12,Cannot Lose Them
16998,2011-07-13 09:44:00,149,1,295.00,2,2,2,222,6,Lost
15895,2011-07-13 10:27:00,149,1,179.17,2,1,1,211,4,Lost
13667,2011-07-13 15:42:00,149,1,305.02,2,2,2,222,6,Lost
15795,2011-07-13 10:43:00,149,1,610.01,2,3,3,233,8,At-Risk
18121,2011-07-13 12:53:00,149,1,673.10,2,3,3,233,8,At-Risk
13420,2011-07-13 08:48:00,149,1,159.85,2,1,1,211,4,Lost
14400,2011-07-13 15:50:00,149,1,574.70,2,3,3,233,8,At-Risk
16450,2011-07-13 11:47:00,149,1,311.92,2,2,2,222,6,Lost
15402,2011-07-14 12:17:00,148,1,626.77,2,3,3,233,8,At-Risk
17259,2011-07-14 15:01:00,148,1,603.37,2,3,3,233,8,At-Risk
12405,2011-07-14 08:52:00,148,1,1710.39,2,4,4,244,10,Cannot Lose Them
12653,2011-07-14 10:41:00,148,1,2209.85,2,5,5,255,12,Cannot Lose Them
15256,2011-07-14 11:47:00,148,1,98.45,2,1,1,211,4,Lost
12915,2011-07-14 11:34:00,148,1,363.65,2,2,2,222,6,Lost
14847,2011-07-14 10:52:00,148,1,309.40,2,2,2,222,6,Lost
14891,2011-07-14 18:08:00,148,1,554.38,2,3,3,233,8,At-Risk
14461,2011-07-14 17:11:00,148,1,2103.06,2,5,5,255,12,Cannot Lose Them
14722,2011-07-15 14:58:00,147,1,187.92,2,1,1,211,4,Lost
12815,2011-07-15 10:21:00,147,1,1063.46,2,4,4,244,10,Cannot Lose Them
17444,2011-07-15 12:05:00,147,1,2940.04,2,5,5,255,12,Cannot Lose Them
17948,2011-07-15 12:58:00,147,1,358.56,2,2,2,222,6,Lost
14958,2011-07-15 14:20:00,147,1,499.68,2,3,3,233,8,At-Risk
15004,2011-07-15 14:05:00,147,1,1246.32,2,4,4,244,10,Cannot Lose Them
12833,2011-07-17 13:46:00,145,1,417.38,2,2,2,222,6,Lost
16054,2011-07-17 13:08:00,145,1,783.90,2,3,3,233,8,At-Risk
13967,2011-07-17 12:02:00,145,1,80.70,2,1,1,211,4,Lost
15716,2011-07-17 11:59:00,145,1,1118.81,2,4,4,244,10,Cannot Lose Them
17984,2011-07-17 15:59:00,145,1,152.68,2,1,1,211,4,Lost
13564,2011-07-18 14:33:00,144,1,1749.02,2,4,4,244,10,Cannot Lose Them
14758,2011-07-18 08:21:00,144,1,1484.06,2,4,4,244,10,Cannot Lose Them
13821,2011-07-18 09:49:00,144,1,385.64,2,2,2,222,6,Lost
16859,2011-07-18 12:19:00,144,1,747.81,2,3,3,233,8,At-Risk
15713,2011-07-19 13:34:00,143,1,356.70,2,2,2,222,6,Lost
14117,2011-07-19 09:49:00,143,1,90.00,2,1,1,211,4,Lost
12840,2011-07-19 09:29:00,143,1,2726.77,2,5,5,255,12,Cannot Lose Them
12875,2011-07-19 15:30:00,143,1,343.23,2,2,2,222,6,Lost
16112,2011-07-19 14:28:00,143,1,195.74,2,1,1,211,4,Lost
12947,2011-07-19 10:06:00,143,1,1603.99,2,4,4,244,10,Cannot Lose Them
12521,2011-07-20 10:51:00,142,1,599.68,2,3,3,233,8,At-Risk
17866,2011-07-20 11:07:00,142,1,329.65,2,2,2,222,6,Lost
16807,2011-07-20 12:00:00,142,1,1121.59,2,4,4,244,10,Cannot Lose Them
15802,2011-07-20 11:38:00,142,1,451.42,2,2,2,222,6,Lost
17962,2011-07-20 14:16:00,142,1,102.83,2,1,1,211,4,Lost
12510,2011-07-20 10:15:00,142,1,982.57,2,4,4,244,10,Cannot Lose Them
15623,2011-07-21 17:26:00,141,1,301.03,2,2,2,222,6,Lost
17660,2011-07-21 13:37:00,141,1,196.00,2,1,1,211,4,Lost
17694,2011-07-21 12:00:00,141,1,283.12,2,2,2,222,6,Lost
16654,2011-07-21 15:23:00,141,1,601.27,2,3,3,233,8,At-Risk
14259,2011-07-21 10:44:00,141,1,120.00,2,1,1,211,4,Lost
15108,2011-07-21 10:24:00,141,1,1300.25,2,4,4,244,10,Cannot Lose Them
15704,2011-07-22 13:35:00,140,1,2293.62,2,5,5,255,12,Cannot Lose Them
16866,2011-07-22 10:06:00,140,1,207.74,2,1,1,211,4,Lost
18146,2011-07-22 12:08:00,140,1,160.35,2,1,1,211,4,Lost
18262,2011-07-22 16:04:00,140,1,149.48,2,1,1,211,4,Lost
17649,2011-07-24 15:53:00,138,1,868.49,2,3,3,233,8,At-Risk
12763,2011-07-24 14:12:00,138,1,494.08,2,3,3,233,8,At-Risk
17312,2011-07-24 11:52:00,138,1,644.30,2,3,3,233,8,At-Risk
16178,2011-07-24 16:05:00,138,1,197.90,2,1,1,211,4,Lost
17935,2011-07-24 13:18:00,138,1,145.79,2,1,1,211,4,Lost
12864,2011-07-24 13:03:00,138,1,147.12,2,1,1,211,4,Lost
16948,2011-07-24 12:46:00,138,1,435.02,2,2,2,222,6,Lost
13037,2011-07-24 15:46:00,138,1,881.07,2,3,3,233,8,At-Risk
12916,2011-07-24 10:35:00,138,1,3006.15,2,5,5,255,12,Cannot Lose Them
16305,2011-07-24 12:18:00,138,1,361.22,2,2,2,222,6,Lost
17265,2011-07-24 10:49:00,138,1,562.90,2,3,3,233,8,At-Risk
13802,2011-07-24 10:54:00,138,1,4599.42,2,5,5,255,12,Cannot Lose Them
13116,2011-07-24 14:33:00,138,1,501.14,2,3,3,233,8,At-Risk
17040,2011-07-25 10:19:00,137,1,449.73,2,2,2,222,6,Lost
13296,2011-07-25 13:46:00,137,1,87.40,2,1,1,211,4,Lost
14692,2011-07-25 15:08:00,137,1,591.55,2,3,3,233,8,At-Risk
17693,2011-07-25 15:48:00,137,1,200.47,2,1,1,211,4,Lost
15372,2011-07-25 16:39:00,137,1,2007.40,2,4,4,244,10,Cannot Lose Them
14100,2011-07-25 11:01:00,137,1,194.90,2,1,1,211,4,Lost
13492,2011-07-26 14:25:00,136,1,1269.84,2,4,4,244,10,Cannot Lose Them
15855,2011-07-26 10:20:00,136,1,712.24,2,3,3,233,8,At-Risk
15261,2011-07-27 15:20:00,135,1,254.82,2,2,2,222,6,Lost
13194,2011-07-27 09:01:00,135,1,60.70,2,1,1,211,4,Lost
16447,2011-07-27 12:45:00,135,1,259.01,2,2,2,222,6,Lost
13730,2011-07-27 08:35:00,135,1,752.60,2,3,3,233,8,At-Risk
16696,2011-07-27 14:23:00,135,1,657.90,2,3,3,233,8,At-Risk
18151,2011-07-28 11:35:00,134,1,653.35,2,3,3,233,8,At-Risk
18268,2011-07-28 19:13:00,134,1,25.50,2,1,1,211,4,Lost
15639,2011-07-28 14:30:00,134,1,425.32,2,2,2,222,6,Lost
15245,2011-07-28 18:56:00,134,1,2515.84,2,5,5,255,12,Cannot Lose Them
12743,2011-07-28 16:21:00,134,1,546.43,2,3,3,233,8,At-Risk
14002,2011-07-28 15:55:00,134,1,529.73,2,3,3,233,8,At-Risk
16951,2011-07-28 12:05:00,134,1,1277.75,2,4,4,244,10,Cannot Lose Them
15746,2011-07-28 15:21:00,134,1,196.88,2,1,1,211,4,Lost
15118,2011-07-28 14:54:00,134,1,244.80,2,1,1,211,4,Lost
12453,2011-07-28 14:08:00,134,1,707.09,2,3,3,233,8,At-Risk
12507,2011-07-28 17:09:00,134,1,1304.81,2,4,4,244,10,Cannot Lose Them
12853,2011-07-28 11:29:00,134,1,1957.10,2,4,4,244,10,Cannot Lose Them
17931,2011-07-28 18:33:00,134,1,408.36,2,2,2,222,6,Lost
17926,2011-07-29 14:39:00,133,1,397.29,2,2,2,222,6,Lost
16147,2011-07-29 09:57:00,133,1,375.00,2,2,2,222,6,Lost
15120,2011-07-29 09:48:00,133,1,358.82,2,2,2,222,6,Lost
15942,2011-07-29 09:01:00,133,1,337.44,2,2,2,222,6,Lost
13414,2011-07-29 11:45:00,133,1,1390.50,2,4,4,244,10,Cannot Lose Them
15149,2011-07-29 10:58:00,133,1,520.80,2,3,3,233,8,At-Risk
14143,2011-07-29 09:48:00,133,1,115.80,2,1,1,211,4,Lost
18064,2011-07-29 16:39:00,133,1,814.00,2,3,3,233,8,At-Risk
15776,2011-07-29 13:46:00,133,1,241.62,2,1,1,211,4,Lost
13106,2011-07-29 15:12:00,133,1,76.50,2,1,1,211,4,Lost
17695,2011-07-31 10:40:00,131,1,765.34,2,3,3,233,8,At-Risk
13722,2011-07-31 12:44:00,131,1,2375.41,2,5,5,255,12,Cannot Lose Them
12942,2011-07-31 14:39:00,131,1,683.90,2,3,3,233,8,At-Risk
14885,2011-07-31 12:05:00,131,1,765.32,2,3,3,233,8,At-Risk
13388,2011-07-31 12:52:00,131,1,677.10,2,3,3,233,8,At-Risk
15438,2011-07-31 14:19:00,131,1,156.58,2,1,1,211,4,Lost
17615,2011-08-01 14:06:00,130,1,329.60,2,2,2,222,6,Lost
14403,2011-08-01 12:57:00,130,1,1475.81,2,4,4,244,10,Cannot Lose Them
17053,2011-08-01 10:23:00,130,1,498.48,2,3,3,233,8,At-Risk
17282,2011-08-01 14:29:00,130,1,1703.41,2,4,4,244,10,Cannot Lose Them
17941,2011-08-01 08:30:00,130,1,304.56,2,2,2,222,6,Lost
12534,2011-08-01 10:26:00,130,1,1089.18,2,4,4,244,10,Cannot Lose Them
17553,2011-08-02 10:00:00,129,1,1487.60,2,4,4,244,10,Cannot Lose Them
12378,2011-08-02 10:34:00,129,1,4008.62,2,5,5,255,12,Cannot Lose Them
17353,2011-08-02 17:19:00,129,1,1740.00,2,4,4,244,10,Cannot Lose Them
13850,2011-08-02 14:04:00,129,1,1595.48,2,4,4,244,10,Cannot Lose Them
17887,2011-08-02 17:29:00,129,1,111.35,2,1,1,211,4,Lost
12644,2011-08-02 10:33:00,129,1,477.91,2,2,2,222,6,Lost
14133,2011-08-02 11:34:00,129,1,605.64,2,3,3,233,8,At-Risk
15342,2011-08-02 10:19:00,129,1,406.09,2,2,2,222,6,Lost
13075,2011-08-02 10:19:00,129,1,919.61,2,3,3,233,8,At-Risk
14076,2011-08-02 15:19:00,129,1,122.47,2,1,1,211,4,Lost
17514,2011-08-03 15:45:00,128,1,208.65,2,1,1,211,4,Lost
12917,2011-08-03 16:42:00,128,1,594.00,2,3,3,233,8,At-Risk
18178,2011-08-03 09:30:00,128,1,1590.81,2,4,4,244,10,Cannot Lose Them
12643,2011-08-03 12:56:00,128,1,3344.64,2,5,5,255,12,Cannot Lose Them
16324,2011-08-03 12:58:00,128,1,428.68,2,2,2,222,6,Lost
16835,2011-08-03 13:50:00,128,1,180.85,2,1,1,211,4,Lost
12750,2011-08-03 09:13:00,128,1,275.88,2,2,2,222,6,Lost
15374,2011-08-03 09:59:00,128,1,168.00,2,1,1,211,4,Lost
14972,2011-08-03 14:54:00,128,1,114.77,2,1,1,211,4,Lost
17429,2011-08-03 13:22:00,128,1,524.92,2,3,3,233,8,At-Risk
12693,2011-08-04 17:51:00,127,1,855.91,2,3,3,233,8,At-Risk
14344,2011-08-04 13:51:00,127,1,889.93,2,3,3,233,8,At-Risk
17692,2011-08-04 14:01:00,127,1,740.94,2,3,3,233,8,At-Risk
17267,2011-08-04 17:22:00,127,1,317.62,2,2,2,222,6,Lost
13218,2011-08-04 16:59:00,127,1,62.64,2,1,1,211,4,Lost
16572,2011-08-04 16:34:00,127,1,1009.60,2,4,4,244,10,Cannot Lose Them
13791,2011-08-04 11:44:00,127,1,1516.00,2,4,4,244,10,Cannot Lose Them
17723,2011-08-04 18:37:00,127,1,3276.40,2,5,5,255,12,Cannot Lose Them
13402,2011-08-04 15:51:00,127,1,621.23,2,3,3,233,8,At-Risk
18099,2011-08-04 15:52:00,127,1,168.31,2,1,1,211,4,Lost
15254,2011-08-04 15:04:00,127,1,300.36,2,2,2,222,6,Lost
14778,2011-08-04 15:23:00,127,1,730.86,2,3,3,233,8,At-Risk
15133,2011-08-04 10:44:00,127,1,982.42,2,4,4,244,10,Cannot Lose Them
16302,2011-08-05 09:44:00,126,1,233.22,2,1,1,211,4,Lost
13513,2011-08-05 11:50:00,126,1,205.10,2,1,1,211,4,Lost
16174,2011-08-05 13:26:00,126,1,1009.55,2,4,4,244,10,Cannot Lose Them
17457,2011-08-05 12:48:00,126,1,1737.70,2,4,4,244,10,Cannot Lose Them
17400,2011-08-05 15:38:00,126,1,2129.96,2,5,5,255,12,Cannot Lose Them
13082,2011-08-05 16:16:00,126,1,3613.63,2,5,5,255,12,Cannot Lose Them
13248,2011-08-07 12:40:00,124,1,465.68,2,2,2,222,6,Lost
14331,2011-08-07 13:17:00,124,1,462.66,2,2,2,222,6,Lost
14079,2011-08-07 12:10:00,124,1,375.10,2,2,2,222,6,Lost
13752,2011-08-07 14:16:00,124,1,1186.28,2,4,4,244,10,Cannot Lose Them
14053,2011-08-07 14:27:00,124,1,260.25,2,2,2,222,6,Lost
17085,2011-08-08 14:15:00,123,1,1566.65,2,4,4,244,10,Cannot Lose Them
17331,2011-08-08 11:55:00,123,1,175.20,2,1,1,211,4,Lost
15985,2011-08-08 16:31:00,123,1,1142.42,2,4,4,244,10,Cannot Lose Them
16788,2011-08-08 14:53:00,123,1,597.48,2,3,3,233,8,At-Risk
13869,2011-08-08 13:53:00,123,1,3104.95,2,5,5,255,12,Cannot Lose Them
18248,2011-08-09 10:19:00,122,1,804.02,2,3,3,233,8,At-Risk
13355,2011-08-09 14:48:00,122,1,674.70,2,3,3,233,8,At-Risk
13162,2011-08-09 15:59:00,122,1,1688.29,2,4,4,244,10,Cannot Lose Them
13217,2011-08-09 15:32:00,122,1,533.98,2,3,3,233,8,At-Risk
15247,2011-08-09 12:52:00,122,1,356.00,2,2,2,222,6,Lost
14127,2011-08-09 10:49:00,122,1,709.71,2,3,3,233,8,At-Risk
13280,2011-08-09 13:14:00,122,1,814.86,2,3,3,233,8,At-Risk
17994,2011-08-10 11:41:00,121,1,678.49,2,3,3,233,8,At-Risk
14024,2011-08-10 11:30:00,121,1,327.70,2,2,2,222,6,Lost
16292,2011-08-10 12:24:00,121,1,302.25,2,2,2,222,6,Lost
15581,2011-08-11 09:38:00,120,1,3679.97,2,5,5,255,12,Cannot Lose Them
13307,2011-08-11 17:14:00,120,1,15.00,2,1,1,211,4,Lost
14346,2011-08-11 09:47:00,120,1,1021.58,2,4,4,244,10,Cannot Lose Them
17248,2011-08-11 13:34:00,120,1,318.65,2,2,2,222,6,Lost
13645,2011-08-11 16:11:00,120,1,252.10,2,2,2,222,6,Lost
17122,2011-08-12 14:33:00,119,1,138.32,2,1,1,211,4,Lost
12399,2011-08-12 13:15:00,119,1,1108.65,2,4,4,244,10,Cannot Lose Them
16317,2011-08-12 12:46:00,119,1,1341.65,2,4,4,244,10,Cannot Lose Them
13873,2011-08-12 10:08:00,119,1,389.60,2,2,2,222,6,Lost
17642,2011-08-12 09:11:00,119,1,712.29,2,3,3,233,8,At-Risk
13888,2011-08-12 10:13:00,119,1,605.63,2,3,3,233,8,At-Risk
14855,2011-08-12 14:02:00,119,1,645.65,2,3,3,233,8,At-Risk
15689,2011-08-12 09:37:00,119,1,254.10,2,2,2,222,6,Lost
16045,2011-08-12 12:41:00,119,1,1340.70,2,4,4,244,10,Cannot Lose Them
14406,2011-08-12 16:54:00,119,1,156.75,2,1,1,211,4,Lost
15192,2011-08-12 11:41:00,119,1,1044.32,2,4,4,244,10,Cannot Lose Them
17048,2011-08-14 11:49:00,117,1,925.35,2,3,3,233,8,At-Risk
14301,2011-08-14 15:33:00,117,1,640.14,2,3,3,233,8,At-Risk
15683,2011-08-14 12:56:00,117,1,193.75,2,1,1,211,4,Lost
17252,2011-08-15 09:45:00,116,1,353.86,2,2,2,222,6,Lost
15480,2011-08-15 14:32:00,116,1,905.50,2,3,3,233,8,At-Risk
16961,2011-08-15 13:46:00,116,1,234.17,2,1,1,211,4,Lost
13720,2011-08-15 12:46:00,116,1,799.90,2,3,3,233,8,At-Risk
13621,2011-08-15 08:26:00,116,1,213.85,2,1,1,211,4,Lost
13799,2011-08-15 12:07:00,116,1,688.86,2,3,3,233,8,At-Risk
12758,2011-08-15 10:22:00,116,1,2791.59,2,5,5,255,12,Cannot Lose Them
15624,2011-08-15 11:38:00,116,1,588.13,2,3,3,233,8,At-Risk
16902,2011-08-15 14:17:00,116,1,1706.88,2,4,4,244,10,Cannot Lose Them
18143,2011-08-15 12:07:00,116,1,1000.16,2,4,4,244,10,Cannot Lose Them
17958,2011-08-15 12:19:00,116,1,508.46,2,3,3,233,8,At-Risk
16272,2011-08-15 10:54:00,116,1,411.70,2,2,2,222,6,Lost
15768,2011-08-16 10:48:00,115,1,621.83,2,3,3,233,8,At-Risk
14918,2011-08-16 11:50:00,115,1,1610.15,2,4,4,244,10,Cannot Lose Them
12641,2011-08-16 13:26:00,115,1,185.90,2,1,1,211,4,Lost
15002,2011-08-16 10:44:00,115,1,1641.76,2,4,4,244,10,Cannot Lose Them
16927,2011-08-16 11:10:00,115,1,543.05,2,3,3,233,8,At-Risk
14006,2011-08-16 09:39:00,115,1,962.19,2,4,4,244,10,Cannot Lose Them
15541,2011-08-17 14:58:00,114,1,85.13,2,1,1,211,4,Lost
17070,2011-08-17 17:01:00,114,1,312.14,2,2,2,222,6,Lost
15122,2011-08-17 16:48:00,114,1,1633.78,2,4,4,244,10,Cannot Lose Them
18073,2011-08-17 14:02:00,114,1,3877.52,2,5,5,255,12,Cannot Lose Them
16092,2011-08-17 10:46:00,114,1,817.86,2,3,3,233,8,At-Risk
13655,2011-08-17 14:25:00,114,1,932.97,2,3,3,233,8,At-Risk
17398,2011-08-17 09:48:00,114,1,653.38,2,3,3,233,8,At-Risk
15734,2011-08-17 10:50:00,114,1,1339.45,2,4,4,244,10,Cannot Lose Them
14323,2011-08-17 11:37:00,114,1,605.06,2,3,3,233,8,At-Risk
16755,2011-08-17 13:21:00,114,1,1496.83,2,4,4,244,10,Cannot Lose Them
15232,2011-08-18 16:27:00,113,1,612.06,2,3,3,233,8,At-Risk
17045,2011-08-18 17:09:00,113,1,339.44,2,2,2,222,6,Lost
15472,2011-08-18 15:17:00,113,1,371.56,2,2,2,222,6,Lost
12688,2011-08-18 08:49:00,113,1,4873.81,2,5,5,255,12,Cannot Lose Them
13027,2011-08-18 09:39:00,113,1,6912.00,2,5,5,255,12,Cannot Lose Them
16582,2011-08-18 17:02:00,113,1,313.62,2,2,2,222,6,Lost
12729,2011-08-18 11:40:00,113,1,453.01,2,2,2,222,6,Lost
13273,2011-08-18 14:02:00,113,1,138.98,2,1,1,211,4,Lost
17742,2011-08-18 15:28:00,113,1,355.11,2,2,2,222,6,Lost
15797,2011-08-18 17:04:00,113,1,2207.40,2,5,5,255,12,Cannot Lose Them
16419,2011-08-19 12:33:00,112,1,972.23,2,4,4,244,10,Cannot Lose Them
15396,2011-08-19 10:56:00,112,1,288.18,2,2,2,222,6,Lost
12418,2011-08-19 11:08:00,112,1,668.58,2,3,3,233,8,At-Risk
12513,2011-08-19 10:51:00,112,1,612.29,2,3,3,233,8,At-Risk
17747,2011-08-19 08:13:00,112,1,71.40,2,1,1,211,4,Lost
14745,2011-08-19 10:05:00,112,1,1220.26,2,4,4,244,10,Cannot Lose Them
15938,2011-08-19 12:56:00,112,1,404.58,2,2,2,222,6,Lost
14772,2011-08-19 15:04:00,112,1,139.26,2,1,1,211,4,Lost
13242,2011-08-19 12:53:00,112,1,270.40,2,2,2,222,6,Lost
12968,2011-08-19 15:44:00,112,1,135.95,2,1,1,211,4,Lost
14224,2011-08-21 13:24:00,110,1,1050.12,2,4,4,244,10,Cannot Lose Them
15313,2011-08-21 16:02:00,110,1,52.00,2,1,1,211,4,Lost
14460,2011-08-21 14:19:00,110,1,434.34,2,2,2,222,6,Lost
16536,2011-08-21 15:54:00,110,1,548.97,2,3,3,233,8,At-Risk
14013,2011-08-21 15:01:00,110,1,473.02,2,2,2,222,6,Lost
17029,2011-08-21 11:06:00,110,1,716.00,2,3,3,233,8,At-Risk
14566,2011-08-21 11:05:00,110,1,1432.00,2,4,4,244,10,Cannot Lose Them
14246,2011-08-21 11:50:00,110,1,1474.06,2,4,4,244,10,Cannot Lose Them
17585,2011-08-22 13:30:00,109,1,1133.07,2,4,4,244,10,Cannot Lose Them
14045,2011-08-22 15:27:00,109,1,1659.75,2,4,4,244,10,Cannot Lose Them
14265,2011-08-22 13:32:00,109,1,530.18,2,3,3,233,8,At-Risk
17083,2011-08-22 15:43:00,109,1,1405.78,2,4,4,244,10,Cannot Lose Them
13933,2011-08-22 14:03:00,109,1,608.79,2,3,3,233,8,At-Risk
16952,2011-08-22 13:03:00,109,1,167.61,2,1,1,211,4,Lost
12363,2011-08-22 10:18:00,109,1,552.00,2,3,3,233,8,At-Risk
14930,2011-08-23 10:31:00,108,1,2372.86,2,5,5,255,12,Cannot Lose Them
16550,2011-08-23 11:12:00,108,1,2298.97,2,5,5,255,12,Cannot Lose Them
17242,2011-08-23 14:55:00,108,1,1135.04,2,4,4,244,10,Cannot Lose Them
13593,2011-08-23 13:35:00,108,1,2037.08,2,4,4,244,10,Cannot Lose Them
12593,2011-08-23 12:43:00,108,1,418.10,2,2,2,222,6,Lost
14523,2011-08-23 13:13:00,108,1,241.09,2,1,1,211,4,Lost
13140,2011-08-23 15:33:00,108,1,423.72,2,2,2,222,6,Lost
18018,2011-08-23 17:37:00,108,1,122.14,2,1,1,211,4,Lost
13425,2011-08-23 17:13:00,108,1,1624.21,2,4,4,244,10,Cannot Lose Them
14364,2011-08-23 11:01:00,108,1,3717.35,2,5,5,255,12,Cannot Lose Them
17869,2011-08-24 16:16:00,107,1,428.18,2,2,2,222,6,Lost
15812,2011-08-24 14:19:00,107,1,1801.14,2,4,4,244,10,Cannot Lose Them
16340,2011-08-24 14:53:00,107,1,549.07,2,3,3,233,8,At-Risk
17268,2011-08-24 10:06:00,107,1,763.64,2,3,3,233,8,At-Risk
17256,2011-08-24 13:30:00,107,1,240.00,2,1,1,211,4,Lost
14973,2011-08-24 15:51:00,107,1,1314.45,2,4,4,244,10,Cannot Lose Them
15800,2011-08-24 14:23:00,107,1,699.08,2,3,3,233,8,At-Risk
14407,2011-08-24 14:02:00,107,1,2157.73,2,5,5,255,12,Cannot Lose Them
13411,2011-08-24 13:57:00,107,1,213.55,2,1,1,211,4,Lost
14875,2011-08-24 12:20:00,107,1,1465.32,2,4,4,244,10,Cannot Lose Them
12649,2011-08-24 14:41:00,107,1,623.51,2,3,3,233,8,At-Risk
17189,2011-08-25 19:39:00,106,1,384.40,2,2,2,222,6,Lost
15663,2011-08-25 15:50:00,106,1,138.14,2,1,1,211,4,Lost
16093,2011-08-25 11:09:00,106,1,17.00,2,1,1,211,4,Lost
14687,2011-08-25 11:59:00,106,1,628.38,2,3,3,233,8,At-Risk
14055,2011-08-25 15:04:00,106,1,725.64,2,3,3,233,8,At-Risk
12715,2011-08-25 15:22:00,106,1,353.86,2,2,2,222,6,Lost
17844,2011-08-25 11:27:00,106,1,51.56,2,1,1,211,4,Lost
18200,2011-08-25 18:45:00,106,1,163.80,2,1,1,211,4,Lost
17134,2011-08-25 09:53:00,106,1,425.00,2,2,2,222,6,Lost
16309,2011-08-25 15:35:00,106,1,706.57,2,3,3,233,8,At-Risk
16503,2011-08-25 11:46:00,106,1,1431.93,2,4,4,244,10,Cannot Lose Them
12624,2011-08-25 15:04:00,106,1,641.13,2,3,3,233,8,At-Risk
14314,2011-08-25 10:39:00,106,1,120.00,2,1,1,211,4,Lost
13000,2011-08-25 10:43:00,106,1,534.85,2,3,3,233,8,At-Risk
15263,2011-08-25 10:26:00,106,1,156.51,2,1,1,211,4,Lost
14196,2011-08-25 10:25:00,106,1,335.52,2,2,2,222,6,Lost
16429,2011-08-25 13:54:00,106,1,284.55,2,2,2,222,6,Lost
17146,2011-08-26 12:44:00,105,1,749.78,2,3,3,233,8,At-Risk
13003,2011-08-26 10:50:00,105,1,149.05,2,1,1,211,4,Lost
15074,2011-08-26 14:45:00,105,1,748.87,2,3,3,233,8,At-Risk
14210,2011-08-26 12:36:00,105,1,1905.84,2,4,4,244,10,Cannot Lose Them
13489,2011-08-26 13:16:00,105,1,449.52,2,2,2,222,6,Lost
15641,2011-08-26 14:04:00,105,1,1887.20,2,4,4,244,10,Cannot Lose Them
16641,2011-08-26 12:49:00,105,1,231.10,2,1,1,211,4,Lost
16816,2011-08-28 14:16:00,103,1,417.06,2,2,2,222,6,Lost
13301,2011-08-28 11:25:00,103,1,618.09,2,3,3,233,8,At-Risk
15625,2011-08-28 10:21:00,103,1,1534.26,2,4,4,244,10,Cannot Lose Them
15569,2011-08-28 10:15:00,103,1,1375.71,2,4,4,244,10,Cannot Lose Them
14472,2011-08-28 11:01:00,103,1,1936.84,2,4,4,244,10,Cannot Lose Them
16806,2011-08-28 15:27:00,103,1,801.49,2,3,3,233,8,At-Risk
15325,2011-08-28 11:55:00,103,1,162.29,2,1,1,211,4,Lost
13778,2011-08-28 15:25:00,103,1,178.70,2,1,1,211,4,Lost
15095,2011-08-28 12:01:00,103,1,1370.60,2,4,4,244,10,Cannot Lose Them
14078,2011-08-30 12:16:00,101,1,1049.37,2,4,4,244,10,Cannot Lose Them
17298,2011-08-30 16:43:00,101,1,498.42,2,3,3,233,8,At-Risk
12814,2011-08-30 12:11:00,101,1,125.92,2,1,1,211,4,Lost
15866,2011-08-30 14:09:00,101,1,230.53,2,1,1,211,4,Lost
16083,2011-08-31 10:47:00,100,1,1317.62,2,4,4,244,10,Cannot Lose Them
15596,2011-08-31 10:55:00,100,1,1406.59,2,4,4,244,10,Cannot Lose Them
16780,2011-08-31 16:09:00,100,1,425.19,2,2,2,222,6,Lost
16180,2011-08-31 16:28:00,100,1,10254.18,2,5,5,255,12,Cannot Lose Them
14513,2011-08-31 11:25:00,100,1,455.59,2,2,2,222,6,Lost
16842,2011-08-31 10:42:00,100,1,1264.19,2,4,4,244,10,Cannot Lose Them
17588,2011-08-31 13:37:00,100,1,1240.20,2,4,4,244,10,Cannot Lose Them
16278,2011-08-31 17:12:00,100,1,566.38,2,3,3,233,8,At-Risk
15260,2011-08-31 13:55:00,100,1,1810.77,2,4,4,244,10,Cannot Lose Them
17320,2011-08-31 13:31:00,100,1,1200.62,2,4,4,244,10,Cannot Lose Them
15829,2011-09-01 16:45:00,99,1,636.14,2,3,3,233,8,At-Risk
13376,2011-09-01 16:16:00,99,1,1019.76,2,4,4,244,10,Cannot Lose Them
14420,2011-09-01 18:07:00,99,1,387.52,2,2,2,222,6,Lost
13099,2011-09-01 17:40:00,99,1,207.36,2,1,1,211,4,Lost
16456,2011-09-01 13:50:00,99,1,2158.37,2,5,5,255,12,Cannot Lose Them
16808,2011-09-01 19:34:00,99,1,288.42,2,2,2,222,6,Lost
12436,2011-09-01 12:09:00,99,1,509.01,2,3,3,233,8,At-Risk
13045,2011-09-01 15:04:00,99,1,305.28,2,2,2,222,6,Lost
13631,2011-09-01 09:57:00,99,1,3070.42,2,5,5,255,12,Cannot Lose Them
13470,2011-09-01 14:57:00,99,1,165.00,2,1,1,211,4,Lost
18087,2011-09-02 15:12:00,98,1,4055.72,2,5,5,255,12,Cannot Lose Them
14276,2011-09-02 09:45:00,98,1,1119.74,2,4,4,244,10,Cannot Lose Them
14436,2011-09-02 10:13:00,98,1,89.06,2,1,1,211,4,Lost
14463,2011-09-02 15:20:00,98,1,529.62,2,3,3,233,8,At-Risk
18027,2011-09-02 10:38:00,98,1,115.31,2,1,1,211,4,Lost
14171,2011-09-02 16:43:00,98,1,363.79,2,2,2,222,6,Lost
12851,2011-09-04 12:41:00,96,1,135.18,2,1,1,211,4,Lost
17050,2011-09-04 13:48:00,96,1,3228.84,2,5,5,255,12,Cannot Lose Them
12710,2011-09-04 12:00:00,96,1,1149.02,2,4,4,244,10,Cannot Lose Them
13548,2011-09-04 14:50:00,96,1,682.41,2,3,3,233,8,At-Risk
16761,2011-09-04 11:15:00,96,1,316.62,2,2,2,222,6,Lost
17774,2011-09-04 12:49:00,96,1,1225.41,2,4,4,244,10,Cannot Lose Them
17722,2011-09-04 15:22:00,96,1,2424.04,2,5,5,255,12,Cannot Lose Them
17229,2011-09-04 13:56:00,96,1,318.76,2,2,2,222,6,Lost
13240,2011-09-04 14:08:00,96,1,663.65,2,3,3,233,8,At-Risk
14965,2011-09-04 13:20:00,96,1,599.00,2,3,3,233,8,At-Risk
12502,2011-09-05 11:52:00,95,1,3723.87,2,5,5,255,12,Cannot Lose Them
13851,2011-09-05 12:36:00,95,1,2651.46,2,5,5,255,12,Cannot Lose Them
12816,2011-09-05 12:41:00,95,1,572.20,2,3,3,233,8,At-Risk
15364,2011-09-05 09:46:00,95,1,913.19,2,3,3,233,8,At-Risk
13931,2011-09-05 10:12:00,95,1,1237.53,2,4,4,244,10,Cannot Lose Them
12616,2011-09-05 15:17:00,95,1,713.30,2,3,3,233,8,At-Risk
16551,2011-09-05 09:38:00,95,1,922.12,2,3,3,233,8,At-Risk
12422,2011-09-05 09:48:00,95,1,803.56,2,3,3,233,8,At-Risk
18196,2011-09-05 16:22:00,95,1,689.13,2,3,3,233,8,At-Risk
15307,2011-09-05 11:38:00,95,1,205.30,2,1,1,211,4,Lost
16820,2011-09-05 12:06:00,95,1,497.61,2,3,3,233,8,At-Risk
15491,2011-09-05 15:56:00,95,1,3100.09,2,5,5,255,12,Cannot Lose Them
13748,2011-09-05 09:45:00,95,1,948.25,2,4,4,244,10,Cannot Lose Them
16172,2011-09-05 13:22:00,95,1,1140.21,2,4,4,244,10,Cannot Lose Them
13744,2011-09-05 15:19:00,95,1,1156.36,2,4,4,244,10,Cannot Lose Them
14565,2011-09-05 09:07:00,95,1,3099.12,2,5,5,255,12,Cannot Lose Them
13192,2011-09-05 14:13:00,95,1,911.94,2,3,3,233,8,At-Risk
17309,2011-09-05 15:20:00,95,1,82.75,2,1,1,211,4,Lost
17339,2011-09-06 13:29:00,94,1,243.36,2,1,1,211,4,Lost
14208,2011-09-06 12:48:00,94,1,151.74,2,1,1,211,4,Lost
17560,2011-09-06 09:18:00,94,1,854.95,2,3,3,233,8,At-Risk
13158,2011-09-06 11:58:00,94,1,1201.06,2,4,4,244,10,Cannot Lose Them
15462,2011-09-06 13:11:00,94,1,234.60,2,1,1,211,4,Lost
16400,2011-09-06 12:27:00,94,1,303.93,2,2,2,222,6,Lost
17460,2011-09-06 15:04:00,94,1,622.43,2,3,3,233,8,At-Risk
12461,2011-09-06 16:57:00,94,1,826.88,2,3,3,233,8,At-Risk
16175,2011-09-06 14:32:00,94,1,1037.59,2,4,4,244,10,Cannot Lose Them
13130,2011-09-06 15:30:00,94,1,64.00,2,1,1,211,4,Lost
13122,2011-09-06 15:53:00,94,1,922.39,2,3,3,233,8,At-Risk
13210,2011-09-07 08:18:00,93,1,353.48,2,2,2,222,6,Lost
16828,2011-09-07 15:10:00,93,1,128.50,2,1,1,211,4,Lost
15071,2011-09-07 11:43:00,93,1,982.07,2,4,4,244,10,Cannot Lose Them
18093,2011-09-07 15:43:00,93,1,2106.52,2,5,5,255,12,Cannot Lose Them
15488,2011-09-08 10:11:00,92,1,91.32,2,1,1,211,4,Lost
15885,2011-09-08 10:43:00,92,1,379.35,2,2,2,222,6,Lost
14410,2011-09-08 15:08:00,92,1,1105.07,2,4,4,244,10,Cannot Lose Them
13848,2011-09-08 12:58:00,92,1,1255.00,2,4,4,244,10,Cannot Lose Them
15653,2011-09-08 10:49:00,92,1,877.44,2,3,3,233,8,At-Risk
12592,2011-09-08 15:04:00,92,1,437.60,2,2,2,222,6,Lost
15198,2011-09-08 14:42:00,92,1,193.64,2,1,1,211,4,Lost
14223,2011-09-08 13:38:00,92,1,991.13,2,4,4,244,10,Cannot Lose Them
18222,2011-09-08 10:45:00,92,1,443.00,2,2,2,222,6,Lost
13244,2011-09-08 11:46:00,92,1,121.74,2,1,1,211,4,Lost
13814,2011-09-08 13:48:00,92,1,1579.12,2,4,4,244,10,Cannot Lose Them
13249,2011-09-08 13:26:00,92,1,711.41,2,3,3,233,8,At-Risk
15400,2011-09-08 13:57:00,92,1,716.20,2,3,3,233,8,At-Risk
13889,2011-09-08 09:13:00,92,1,416.90,2,2,2,222,6,Lost
13330,2011-09-08 12:27:00,92,1,1140.93,2,4,4,244,10,Cannot Lose Them
13925,2011-09-08 12:47:00,92,1,678.25,2,3,3,233,8,At-Risk
16031,2011-09-08 13:07:00,92,1,548.94,2,3,3,233,8,At-Risk
15652,2011-09-09 14:22:00,91,1,337.74,2,2,2,222,6,Lost
14414,2011-09-09 12:09:00,91,1,1496.98,2,4,4,244,10,Cannot Lose Them
14628,2011-09-09 14:58:00,91,1,671.96,2,3,3,233,8,At-Risk
16723,2011-09-09 13:01:00,91,1,589.15,2,3,3,233,8,At-Risk
12535,2011-09-09 08:48:00,91,1,716.35,2,3,3,233,8,At-Risk
14915,2011-09-09 13:34:00,91,1,307.48,2,2,2,222,6,Lost
13441,2011-09-09 09:38:00,91,1,296.64,2,2,2,222,6,Lost
16027,2011-09-09 10:47:00,91,1,934.62,2,3,3,233,8,At-Risk
12635,2011-09-11 11:04:00,89,1,1689.18,2,4,4,244,10,Cannot Lose Them
16384,2011-09-11 11:19:00,89,1,584.50,2,3,3,233,8,At-Risk
13611,2011-09-11 14:51:00,89,1,1171.80,2,4,4,244,10,Cannot Lose Them
15636,2011-09-11 11:17:00,89,1,724.76,2,3,3,233,8,At-Risk
14837,2011-09-11 10:58:00,89,1,1649.50,2,4,4,244,10,Cannot Lose Them
15035,2011-09-11 11:08:00,89,1,252.73,2,2,2,222,6,Lost
12965,2011-09-11 15:31:00,89,1,771.91,2,3,3,233,8,At-Risk
13124,2011-09-11 12:45:00,89,1,3866.33,2,5,5,255,12,Cannot Lose Them
13372,2011-09-11 12:46:00,89,1,378.64,2,2,2,222,6,Lost
14212,2011-09-11 12:45:00,89,1,1070.48,2,4,4,244,10,Cannot Lose Them
18255,2011-09-11 13:16:00,89,1,103.30,2,1,1,211,4,Lost
15939,2011-09-11 11:30:00,89,1,6115.01,2,5,5,255,12,Cannot Lose Them
18215,2011-09-11 16:05:00,89,1,299.34,2,2,2,222,6,Lost
16796,2011-09-11 14:01:00,89,1,305.62,2,2,2,222,6,Lost
16984,2011-09-12 13:43:00,88,1,4481.35,2,5,5,255,12,Cannot Lose Them
16211,2011-09-12 12:11:00,88,1,547.02,2,3,3,233,8,At-Risk
16209,2011-09-12 11:58:00,88,1,2262.62,2,5,5,255,12,Cannot Lose Them
16475,2011-09-12 14:37:00,88,1,544.30,2,3,3,233,8,At-Risk
14307,2011-09-12 09:38:00,88,1,2995.72,2,5,5,255,12,Cannot Lose Them
17919,2011-09-12 13:41:00,88,1,1304.04,2,4,4,244,10,Cannot Lose Them
12924,2011-09-12 13:55:00,88,1,933.70,2,3,3,233,8,At-Risk
12884,2011-09-12 13:10:00,88,1,309.05,2,2,2,222,6,Lost
15673,2011-09-12 16:12:00,88,1,2881.02,2,5,5,255,12,Cannot Lose Them
15764,2011-09-12 17:58:00,88,1,3279.97,2,5,5,255,12,Cannot Lose Them
17433,2011-09-12 14:24:00,88,1,303.16,2,2,2,222,6,Lost
15996,2011-09-12 15:14:00,88,1,1060.68,2,4,4,244,10,Cannot Lose Them
13375,2011-09-12 10:19:00,88,1,778.65,2,3,3,233,8,At-Risk
15980,2011-09-12 09:41:00,88,1,2398.86,2,5,5,255,12,Cannot Lose Them
14500,2011-09-12 16:45:00,88,1,356.85,2,2,2,222,6,Lost
16141,2011-09-12 13:11:00,88,1,620.40,2,3,3,233,8,At-Risk
16959,2011-09-13 15:03:00,87,1,117.35,2,1,1,211,4,Lost
18251,2011-09-13 15:03:00,87,1,4314.72,2,5,5,255,12,Cannot Lose Them
14163,2011-09-13 15:18:00,87,1,2445.91,2,5,5,255,12,Cannot Lose Them
16036,2011-09-13 14:53:00,87,1,758.92,2,3,3,233,8,At-Risk
14753,2011-09-13 14:50:00,87,1,563.15,2,3,3,233,8,At-Risk
15201,2011-09-13 14:53:00,87,1,1236.54,2,4,4,244,10,Cannot Lose Them
16098,2011-09-13 09:59:00,87,1,2005.63,2,4,4,244,10,Cannot Lose Them
15343,2011-09-13 13:55:00,87,1,364.50,2,2,2,222,6,Lost
16451,2011-09-13 09:17:00,87,1,266.97,2,2,2,222,6,Lost
17037,2011-09-13 12:49:00,87,1,1267.32,2,4,4,244,10,Cannot Lose Them
16229,2011-09-13 17:16:00,87,1,1010.60,2,4,4,244,10,Cannot Lose Them
15216,2011-09-13 11:41:00,87,1,96.60,2,1,1,211,4,Lost
12756,2011-09-14 09:31:00,86,1,112.08,2,1,1,211,4,Lost
17640,2011-09-14 09:13:00,86,1,621.66,2,3,3,233,8,At-Risk
17347,2011-09-14 13:12:00,86,1,228.96,2,1,1,211,4,Lost
16745,2011-09-14 11:58:00,86,1,7194.30,2,5,5,255,12,Cannot Lose Them
14177,2011-09-14 15:11:00,86,1,559.41,2,3,3,233,8,At-Risk
14660,2011-09-14 11:34:00,86,1,285.74,2,2,2,222,6,Lost
13877,2011-09-14 15:49:00,86,1,117.24,2,1,1,211,4,Lost
12566,2011-09-14 14:30:00,86,1,351.65,2,2,2,222,6,Lost
18173,2011-09-14 11:26:00,86,1,2106.84,2,5,5,255,12,Cannot Lose Them
17033,2011-09-14 14:34:00,86,1,1030.14,2,4,4,244,10,Cannot Lose Them
12995,2011-09-15 15:44:00,85,1,211.32,2,1,1,211,4,Lost
14557,2011-09-15 15:48:00,85,1,788.38,2,3,3,233,8,At-Risk
14894,2011-09-15 13:51:00,85,1,655.75,2,3,3,233,8,At-Risk
13134,2011-09-15 10:35:00,85,1,1793.58,2,4,4,244,10,Cannot Lose Them
15205,2011-09-15 19:36:00,85,1,653.24,2,3,3,233,8,At-Risk
13662,2011-09-15 12:04:00,85,1,897.76,2,3,3,233,8,At-Risk
17846,2011-09-15 15:20:00,85,1,2033.10,2,4,4,244,10,Cannot Lose Them
13539,2011-09-15 10:18:00,85,1,631.34,2,3,3,233,8,At-Risk
12722,2011-09-15 14:50:00,85,1,997.63,2,4,4,244,10,Cannot Lose Them
17594,2011-09-15 16:34:00,85,1,993.18,2,4,4,244,10,Cannot Lose Them
15417,2011-09-15 15:26:00,85,1,508.80,2,3,3,233,8,At-Risk
17002,2011-09-15 12:40:00,85,1,1493.73,2,4,4,244,10,Cannot Lose Them
15466,2011-09-15 14:08:00,85,1,334.53,2,2,2,222,6,Lost
15322,2011-09-15 09:34:00,85,1,679.68,2,3,3,233,8,At-Risk
17047,2011-09-15 13:27:00,85,1,1100.90,2,4,4,244,10,Cannot Lose Them
13518,2011-09-15 10:29:00,85,1,659.44,2,3,3,233,8,At-Risk
17333,2011-09-15 10:11:00,85,1,494.25,2,3,3,233,8,At-Risk
17786,2011-09-15 12:51:00,85,1,278.74,2,2,2,222,6,Lost
17898,2011-09-15 14:56:00,85,1,152.06,2,1,1,211,4,Lost
15523,2011-09-16 16:29:00,84,1,412.01,2,2,2,222,6,Lost
16878,2011-09-16 17:39:00,84,1,13.30,2,1,1,211,4,Lost
13563,2011-09-16 14:45:00,84,1,777.53,2,3,3,233,8,At-Risk
16709,2011-09-16 10:56:00,84,1,3029.87,2,5,5,255,12,Cannot Lose Them
16108,2011-09-16 11:48:00,84,1,842.50,2,3,3,233,8,At-Risk
14124,2011-09-16 13:32:00,84,1,419.58,2,2,2,222,6,Lost
12871,2011-09-16 15:07:00,84,1,380.64,2,2,2,222,6,Lost
15975,2011-09-16 13:33:00,84,1,371.01,2,2,2,222,6,Lost
15099,2011-09-16 13:13:00,84,1,410.48,2,2,2,222,6,Lost
16573,2011-09-16 09:13:00,84,1,663.61,2,3,3,233,8,At-Risk
12434,2011-09-16 12:38:00,84,1,806.14,2,3,3,233,8,At-Risk
15410,2011-09-16 14:47:00,84,1,3450.84,2,5,5,255,12,Cannot Lose Them
13141,2011-09-16 09:54:00,84,1,2388.75,2,5,5,255,12,Cannot Lose Them
17802,2011-09-18 14:56:00,82,1,1285.04,2,4,4,244,10,Cannot Lose Them
15947,2011-09-18 10:46:00,82,1,1708.24,2,4,4,244,10,Cannot Lose Them
13067,2011-09-18 13:38:00,82,1,115.46,2,1,1,211,4,Lost
13334,2011-09-18 15:21:00,82,1,3536.82,2,5,5,255,12,Cannot Lose Them
16370,2011-09-18 15:55:00,82,1,1320.56,2,4,4,244,10,Cannot Lose Them
18194,2011-09-18 13:29:00,82,1,973.84,2,4,4,244,10,Cannot Lose Them
13228,2011-09-19 14:28:00,81,1,358.00,2,2,2,222,6,Lost
17628,2011-09-19 15:21:00,81,1,75.75,2,1,1,211,4,Lost
16906,2011-09-19 11:49:00,81,1,579.77,2,3,3,233,8,At-Risk
18017,2011-09-19 16:15:00,81,1,523.00,2,3,3,233,8,At-Risk
17848,2011-09-19 16:49:00,81,1,901.20,2,3,3,233,8,At-Risk
15504,2011-09-19 13:45:00,81,1,52.83,2,1,1,211,4,Lost
12379,2011-09-19 10:09:00,81,1,852.24,2,3,3,233,8,At-Risk
13774,2011-09-19 12:06:00,81,1,345.00,2,2,2,222,6,Lost
13562,2011-09-19 10:51:00,81,1,1799.33,2,4,4,244,10,Cannot Lose Them
18094,2011-09-19 09:28:00,81,1,3017.30,2,5,5,255,12,Cannot Lose Them
17058,2011-09-19 10:13:00,81,1,1179.89,2,4,4,244,10,Cannot Lose Them
12752,2011-09-19 13:32:00,81,1,4366.78,2,5,5,255,12,Cannot Lose Them
16527,2011-09-19 16:21:00,81,1,228.06,2,1,1,211,4,Lost
18232,2011-09-19 11:49:00,81,1,592.97,2,3,3,233,8,At-Risk
12497,2011-09-19 12:29:00,81,1,1043.10,2,4,4,244,10,Cannot Lose Them
16080,2011-09-19 10:42:00,81,1,217.16,2,1,1,211,4,Lost
15675,2011-09-19 13:48:00,81,1,323.69,2,2,2,222,6,Lost
14934,2011-09-19 10:10:00,81,1,1890.94,2,4,4,244,10,Cannot Lose Them
13325,2011-09-19 10:36:00,81,1,675.30,2,3,3,233,8,At-Risk
12527,2011-09-19 11:55:00,81,1,348.71,2,2,2,222,6,Lost
16928,2011-09-20 15:10:00,80,1,2847.60,2,5,5,255,12,Cannot Lose Them
15341,2011-09-20 09:40:00,80,1,2020.52,2,4,4,244,10,Cannot Lose Them
15026,2011-09-20 13:52:00,80,1,469.00,2,2,2,222,6,Lost
16584,2011-09-20 13:45:00,80,1,936.08,2,3,3,233,8,At-Risk
17873,2011-09-20 16:41:00,80,1,1859.16,2,4,4,244,10,Cannot Lose Them
14236,2011-09-20 09:13:00,80,1,490.86,2,3,3,233,8,At-Risk
16215,2011-09-20 10:18:00,80,1,242.35,2,1,1,211,4,Lost
13038,2011-09-20 14:37:00,80,1,908.46,2,3,3,233,8,At-Risk
16624,2011-09-20 12:39:00,80,1,810.57,2,3,3,233,8,At-Risk
13356,2011-09-20 14:33:00,80,1,768.24,2,3,3,233,8,At-Risk
15888,2011-09-20 12:30:00,80,1,168.31,2,1,1,211,4,Lost
16777,2011-09-20 13:41:00,80,1,226.35,2,1,1,211,4,Lost
16493,2011-09-21 11:10:00,79,1,1351.63,2,4,4,244,10,Cannot Lose Them
12550,2011-09-21 14:35:00,79,1,964.83,2,4,4,244,10,Cannot Lose Them
12435,2011-09-21 09:06:00,79,1,7829.89,2,5,5,255,12,Cannot Lose Them
14951,2011-09-21 15:15:00,79,1,311.69,2,2,2,222,6,Lost
16627,2011-09-21 14:38:00,79,1,322.80,2,2,2,222,6,Lost
17475,2011-09-21 14:55:00,79,1,194.37,2,1,1,211,4,Lost
12520,2011-09-21 15:23:00,79,1,2634.26,2,5,5,255,12,Cannot Lose Them
13908,2011-09-21 11:49:00,79,1,2369.55,2,5,5,255,12,Cannot Lose Them
14887,2011-09-21 15:32:00,79,1,1862.00,2,4,4,244,10,Cannot Lose Them
17415,2011-09-21 12:50:00,79,1,507.84,2,3,3,233,8,At-Risk
12390,2011-09-21 09:33:00,79,1,549.84,2,3,3,233,8,At-Risk
13946,2011-09-21 13:33:00,79,1,561.57,2,3,3,233,8,At-Risk
13959,2011-09-21 15:06:00,79,1,598.20,2,3,3,233,8,At-Risk
12604,2011-09-21 14:08:00,79,1,254.18,2,2,2,222,6,Lost
14356,2011-09-21 09:18:00,79,1,701.23,2,3,3,233,8,At-Risk
17731,2011-09-21 15:02:00,79,1,1240.11,2,4,4,244,10,Cannot Lose Them
12701,2011-09-21 10:47:00,79,1,797.71,2,3,3,233,8,At-Risk
14854,2011-09-22 17:00:00,78,1,2759.83,2,5,5,255,12,Cannot Lose Them
14038,2011-09-22 13:37:00,78,1,1560.38,2,4,4,244,10,Cannot Lose Them
12739,2011-09-22 13:00:00,78,1,1013.04,2,4,4,244,10,Cannot Lose Them
13320,2011-09-22 18:07:00,78,1,1548.70,2,4,4,244,10,Cannot Lose Them
12609,2011-09-22 16:34:00,78,1,1126.85,2,4,4,244,10,Cannot Lose Them
13486,2011-09-22 13:13:00,78,1,1122.41,2,4,4,244,10,Cannot Lose Them
13519,2011-09-22 18:24:00,78,1,122.75,2,1,1,211,4,Lost
15603,2011-09-22 10:04:00,78,1,48.48,2,1,1,211,4,Lost
16715,2011-09-22 18:15:00,78,1,301.72,2,2,2,222,6,Lost
12409,2011-09-22 10:38:00,78,1,11072.67,2,5,5,255,12,Cannot Lose Them
13220,2011-09-22 13:38:00,78,1,819.29,2,3,3,233,8,At-Risk
16213,2011-09-22 10:03:00,78,1,159.00,2,1,1,211,4,Lost
12930,2011-09-22 15:18:00,78,1,415.80,2,2,2,222,6,Lost
13055,2011-09-22 14:26:00,78,1,1214.41,2,4,4,244,10,Cannot Lose Them
13279,2011-09-22 17:24:00,78,1,137.75,2,1,1,211,4,Lost
14147,2011-09-22 18:10:00,78,1,483.40,2,2,2,222,6,Lost
12854,2011-09-22 12:15:00,78,1,1324.50,2,4,4,244,10,Cannot Lose Them
15067,2011-09-22 13:20:00,78,1,1744.76,2,4,4,244,10,Cannot Lose Them
17027,2011-09-22 12:24:00,78,1,890.29,2,3,3,233,8,At-Risk
17079,2011-09-22 15:34:00,78,1,118.80,2,1,1,211,4,Lost
17311,2011-09-22 14:11:00,78,1,1384.85,2,4,4,244,10,Cannot Lose Them
17603,2011-09-22 14:18:00,78,1,394.72,2,2,2,222,6,Lost
16236,2011-09-22 14:10:00,78,1,432.20,2,2,2,222,6,Lost
12425,2011-09-22 17:31:00,78,1,777.20,2,3,3,233,8,At-Risk
15810,2011-09-22 09:38:00,78,1,1391.98,2,4,4,244,10,Cannot Lose Them
12579,2011-09-22 17:15:00,78,1,440.42,2,2,2,222,6,Lost
16735,2011-09-22 11:49:00,78,1,2300.56,2,5,5,255,12,Cannot Lose Them
17172,2011-09-22 09:36:00,78,1,317.76,2,2,2,222,6,Lost
13529,2011-09-22 09:15:00,78,1,307.76,2,2,2,222,6,Lost
14014,2011-09-23 13:18:00,77,1,505.18,2,3,3,233,8,At-Risk
13127,2011-09-23 10:26:00,77,1,259.17,2,2,2,222,6,Lost
16978,2011-09-23 12:50:00,77,1,344.33,2,2,2,222,6,Lost
15549,2011-09-23 16:22:00,77,1,1693.26,2,4,4,244,10,Cannot Lose Them
17480,2011-09-23 11:39:00,77,1,511.82,2,3,3,233,8,At-Risk
13336,2011-09-23 14:05:00,77,1,795.12,2,3,3,233,8,At-Risk
14880,2011-09-23 13:42:00,77,1,706.19,2,3,3,233,8,At-Risk
16485,2011-09-23 15:50:00,77,1,363.65,2,2,2,222,6,Lost
12516,2011-09-23 09:13:00,77,1,1312.06,2,4,4,244,10,Cannot Lose Them
15744,2011-09-23 09:52:00,77,1,34.80,2,1,1,211,4,Lost
15075,2011-09-23 12:27:00,77,1,773.03,2,3,3,233,8,At-Risk
15475,2011-09-23 15:20:00,77,1,454.11,2,2,2,222,6,Lost
18189,2011-09-23 12:40:00,77,1,1090.24,2,4,4,244,10,Cannot Lose Them
16872,2011-09-23 16:05:00,77,1,680.02,2,3,3,233,8,At-Risk
15978,2011-09-23 15:21:00,77,1,1098.78,2,4,4,244,10,Cannot Lose Them
14652,2011-09-23 14:21:00,77,1,114.18,2,1,1,211,4,Lost
17388,2011-09-23 10:31:00,77,1,1259.56,2,4,4,244,10,Cannot Lose Them
18155,2011-09-25 13:32:00,75,1,371.62,2,2,2,222,6,Lost
15366,2011-09-25 15:01:00,75,1,602.51,2,3,3,233,8,At-Risk
15799,2011-09-25 12:46:00,75,1,884.14,2,3,3,233,8,At-Risk
15154,2011-09-25 16:05:00,75,1,296.42,2,2,2,222,6,Lost
16342,2011-09-25 14:36:00,75,1,322.41,2,2,2,222,6,Lost
15312,2011-09-25 13:10:00,75,1,924.85,2,3,3,233,8,At-Risk
17506,2011-09-25 11:39:00,75,1,302.20,2,2,2,222,6,Lost
12545,2011-09-25 13:39:00,75,1,1000.39,2,4,4,244,10,Cannot Lose Them
14235,2011-09-25 14:37:00,75,1,3144.86,2,5,5,255,12,Cannot Lose Them
17498,2011-09-25 12:25:00,75,1,272.22,2,2,2,222,6,Lost
16198,2011-09-25 14:58:00,75,1,400.68,2,2,2,222,6,Lost
14152,2011-09-25 12:54:00,75,1,621.29,2,3,3,233,8,At-Risk
16594,2011-09-25 14:08:00,75,1,181.09,2,1,1,211,4,Lost
14757,2011-09-25 14:36:00,75,1,420.50,2,2,2,222,6,Lost
14806,2011-09-25 15:32:00,75,1,193.39,2,1,1,211,4,Lost
14561,2011-09-25 12:39:00,75,1,1080.76,2,4,4,244,10,Cannot Lose Them
13670,2011-09-25 15:25:00,75,1,349.70,2,2,2,222,6,Lost
18066,2011-09-25 15:30:00,75,1,318.00,2,2,2,222,6,Lost
16480,2011-09-25 11:40:00,75,1,769.29,2,3,3,233,8,At-Risk
13787,2011-09-25 12:06:00,75,1,309.04,2,2,2,222,6,Lost
17154,2011-09-25 13:42:00,75,1,329.34,2,2,2,222,6,Lost
16689,2011-09-25 11:39:00,75,1,422.60,2,2,2,222,6,Lost
12348,2011-09-25 13:13:00,75,1,1797.24,2,4,4,244,10,Cannot Lose Them
12612,2011-09-26 15:35:00,74,1,704.04,2,3,3,233,8,At-Risk
15958,2011-09-26 13:41:00,74,1,104.35,2,1,1,211,4,Lost
15243,2011-09-26 14:12:00,74,1,316.68,2,2,2,222,6,Lost
13405,2011-09-26 17:01:00,74,1,572.45,2,3,3,233,8,At-Risk
12823,2011-09-26 07:35:00,74,1,1759.50,2,4,4,244,10,Cannot Lose Them
13390,2011-09-26 08:38:00,74,1,544.08,2,3,3,233,8,At-Risk
14908,2011-09-26 12:56:00,74,1,277.80,2,2,2,222,6,Lost
16468,2011-09-26 14:13:00,74,1,74.90,2,1,1,211,4,Lost
17997,2011-09-26 16:13:00,74,1,1970.67,2,4,4,244,10,Cannot Lose Them
16778,2011-09-26 13:48:00,74,1,245.94,2,1,1,211,4,Lost
13434,2011-09-26 14:30:00,74,1,534.24,2,3,3,233,8,At-Risk
15626,2011-09-26 10:03:00,74,1,675.80,2,3,3,233,8,At-Risk
13866,2011-09-26 14:54:00,74,1,145.67,2,1,1,211,4,Lost
12412,2011-09-26 10:16:00,74,1,1226.88,2,4,4,244,10,Cannot Lose Them
14473,2011-09-26 15:10:00,74,1,234.34,2,1,1,211,4,Lost
17674,2011-09-26 13:35:00,74,1,551.04,2,3,3,233,8,At-Risk
13639,2011-09-26 13:36:00,74,1,1033.34,2,4,4,244,10,Cannot Lose Them
13927,2011-09-26 12:00:00,74,1,348.99,2,2,2,222,6,Lost
16383,2011-09-26 12:45:00,74,1,668.36,2,3,3,233,8,At-Risk
13233,2011-09-26 13:25:00,74,1,605.12,2,3,3,233,8,At-Risk
16603,2011-09-26 10:06:00,74,1,482.47,2,2,2,222,6,Lost
16181,2011-09-27 13:38:00,73,1,305.54,2,2,2,222,6,Lost
13555,2011-09-27 12:36:00,73,1,4149.28,2,5,5,255,12,Cannot Lose Them
12455,2011-09-27 15:31:00,73,1,2466.86,2,5,5,255,12,Cannot Lose Them
13979,2011-09-27 13:32:00,73,1,869.87,2,3,3,233,8,At-Risk
15827,2011-09-27 15:35:00,73,1,1836.09,2,4,4,244,10,Cannot Lose Them
14101,2011-09-27 12:28:00,73,1,5976.79,2,5,5,255,12,Cannot Lose Them
17061,2011-09-27 11:24:00,73,1,5232.23,2,5,5,255,12,Cannot Lose Them
16122,2011-09-27 15:34:00,73,1,684.42,2,3,3,233,8,At-Risk
15674,2011-09-27 15:17:00,73,1,2446.60,2,5,5,255,12,Cannot Lose Them
17591,2011-09-27 13:42:00,73,1,2225.97,2,5,5,255,12,Cannot Lose Them
16266,2011-09-27 12:08:00,73,1,861.89,2,3,3,233,8,At-Risk
13016,2011-09-27 14:08:00,73,1,789.89,2,3,3,233,8,At-Risk
16629,2011-09-27 10:34:00,73,1,417.73,2,2,2,222,6,Lost
14818,2011-09-27 11:01:00,73,1,657.80,2,3,3,233,8,At-Risk
18278,2011-09-27 11:58:00,73,1,173.90,2,1,1,211,4,Lost
17788,2011-09-27 10:09:00,73,1,1117.90,2,4,4,244,10,Cannot Lose Them
17805,2011-09-27 11:49:00,73,1,512.31,2,3,3,233,8,At-Risk
17656,2011-09-27 13:04:00,73,1,1674.69,2,4,4,244,10,Cannot Lose Them
12987,2011-09-27 12:03:00,73,1,558.70,2,3,3,233,8,At-Risk
13514,2011-09-27 09:39:00,73,1,152.20,2,1,1,211,4,Lost
16462,2011-09-27 10:24:00,73,1,136.00,2,1,1,211,4,Lost
14272,2011-09-27 10:08:00,73,1,437.96,2,2,2,222,6,Lost
13035,2011-09-27 08:57:00,73,1,921.88,2,3,3,233,8,At-Risk
16681,2011-09-28 11:11:00,72,1,1770.34,2,4,4,244,10,Cannot Lose Them
13515,2011-09-28 11:26:00,72,1,891.12,2,3,3,233,8,At-Risk
17370,2011-09-28 10:14:00,72,1,446.18,2,2,2,222,6,Lost
13901,2011-09-28 14:48:00,72,1,2867.20,2,5,5,255,12,Cannot Lose Them
16909,2011-09-28 16:45:00,72,1,379.14,2,2,2,222,6,Lost
12393,2011-09-28 15:41:00,72,1,1582.60,2,4,4,244,10,Cannot Lose Them
15841,2011-09-28 12:15:00,72,1,1224.06,2,4,4,244,10,Cannot Lose Them
16281,2011-09-28 14:57:00,72,1,2062.06,2,5,5,255,12,Cannot Lose Them
13061,2011-09-28 16:04:00,72,1,248.61,2,1,1,211,4,Lost
16321,2011-09-28 14:55:00,72,1,373.65,2,2,2,222,6,Lost
15348,2011-09-28 13:17:00,72,1,158.04,2,1,1,211,4,Lost
13321,2011-09-28 15:24:00,72,1,567.36,2,3,3,233,8,At-Risk
14978,2011-09-28 13:07:00,72,1,1931.42,2,4,4,244,10,Cannot Lose Them
17950,2011-09-28 15:18:00,72,1,482.20,2,2,2,222,6,Lost
17783,2011-09-28 16:07:00,72,1,283.47,2,2,2,222,6,Lost
13505,2011-09-28 11:56:00,72,1,4393.63,2,5,5,255,12,Cannot Lose Them
16182,2011-09-28 13:23:00,72,1,6617.65,2,5,5,255,12,Cannot Lose Them
17513,2011-09-28 16:42:00,72,1,513.20,2,3,3,233,8,At-Risk
14947,2011-09-28 15:48:00,72,1,290.82,2,2,2,222,6,Lost
14609,2011-09-28 12:54:00,72,1,601.56,2,3,3,233,8,At-Risk
18265,2011-09-28 14:10:00,72,1,801.51,2,3,3,233,8,At-Risk
15036,2011-09-28 15:42:00,72,1,465.55,2,2,2,222,6,Lost
16690,2011-09-28 15:02:00,72,1,225.58,2,1,1,211,4,Lost
13397,2011-09-28 10:56:00,72,1,1544.13,2,4,4,244,10,Cannot Lose Them
18242,2011-09-28 13:43:00,72,1,2232.49,2,5,5,255,12,Cannot Lose Them
14109,2011-09-28 10:18:00,72,1,144.20,2,1,1,211,4,Lost
14305,2011-09-29 15:29:00,71,1,1858.96,2,4,4,244,10,Cannot Lose Them
16650,2011-09-29 09:51:00,71,1,518.42,2,3,3,233,8,At-Risk
12372,2011-09-29 12:12:00,71,1,1298.04,2,4,4,244,10,Cannot Lose Them
13741,2011-09-29 09:19:00,71,1,668.43,2,3,3,233,8,At-Risk
16268,2011-09-29 18:30:00,71,1,667.65,2,3,3,233,8,At-Risk
12458,2011-09-29 15:25:00,71,1,947.40,2,4,4,244,10,Cannot Lose Them
17427,2011-09-29 11:29:00,71,1,100.80,2,1,1,211,4,Lost
16574,2011-09-29 13:39:00,71,1,451.44,2,2,2,222,6,Lost
15062,2011-09-29 16:51:00,71,1,987.86,2,4,4,244,10,Cannot Lose Them
17819,2011-09-29 10:52:00,71,1,3704.87,3,5,5,355,13,Loyal Customers
13503,2011-09-29 13:23:00,71,1,216.85,3,1,1,311,5,Lost
18204,2011-09-29 16:44:00,71,1,1993.70,3,4,4,344,11,Loyal Customers
13354,2011-09-29 13:17:00,71,1,743.53,3,3,3,333,9,Loyal Customers
18192,2011-09-29 09:53:00,71,1,957.97,3,4,4,344,11,Loyal Customers
16589,2011-09-29 14:50:00,71,1,459.24,3,2,2,322,7,Lost
14475,2011-09-29 10:46:00,71,1,925.85,3,3,3,333,9,Loyal Customers
14409,2011-09-29 18:18:00,71,1,2059.45,3,4,4,344,11,Loyal Customers
15175,2011-09-29 11:31:00,71,1,224.14,3,1,1,311,5,Lost
17724,2011-09-29 15:26:00,71,1,1033.00,3,4,4,344,11,Loyal Customers
15030,2011-09-29 10:50:00,71,1,518.28,3,3,3,333,9,Loyal Customers
13886,2011-09-29 13:17:00,71,1,243.56,3,1,1,311,5,Lost
17572,2011-09-29 17:53:00,71,1,226.75,3,1,1,311,5,Lost
13364,2011-09-29 18:13:00,71,1,134.96,3,1,1,311,5,Lost
17905,2011-09-29 17:33:00,71,1,800.24,3,3,3,333,9,Loyal Customers
18235,2011-09-29 08:27:00,71,1,1796.48,3,4,4,344,11,Loyal Customers
14681,2011-09-29 15:52:00,71,1,498.95,3,3,3,333,9,Loyal Customers
12703,2011-09-29 17:52:00,71,1,283.55,3,2,2,322,7,Lost
17894,2011-09-29 09:23:00,71,1,1119.81,3,4,4,344,11,Loyal Customers
12728,2011-09-29 15:31:00,71,1,836.33,3,3,3,333,9,Loyal Customers
16233,2011-09-29 17:27:00,71,1,536.68,3,3,3,333,9,Loyal Customers
12718,2011-09-29 16:38:00,71,1,238.25,3,1,1,311,5,Lost
13764,2011-09-30 12:03:00,70,1,1521.76,3,4,4,344,11,Loyal Customers
15321,2011-09-30 09:40:00,70,1,2748.31,3,5,5,355,13,Loyal Customers
18053,2011-09-30 09:05:00,70,1,300.02,3,2,2,322,7,Lost
15834,2011-09-30 14:41:00,70,1,2233.75,3,5,5,355,13,Loyal Customers
13092,2011-09-30 11:18:00,70,1,477.83,3,2,2,322,7,Lost
16613,2011-09-30 15:52:00,70,1,618.59,3,3,3,333,9,Loyal Customers
16101,2011-09-30 10:18:00,70,1,1290.70,3,4,4,344,11,Loyal Customers
13347,2011-09-30 13:28:00,70,1,341.36,3,2,2,322,7,Lost
13095,2011-09-30 12:03:00,70,1,74.40,3,1,1,311,5,Lost
15593,2011-09-30 11:46:00,70,1,199.80,3,1,1,311,5,Lost
14916,2011-09-30 09:20:00,70,1,1268.98,3,4,4,344,11,Loyal Customers
12842,2011-09-30 15:33:00,70,1,1118.99,3,4,4,344,11,Loyal Customers
18008,2011-09-30 15:17:00,70,1,2116.19,3,5,5,355,13,Loyal Customers
15185,2011-09-30 14:06:00,70,1,310.62,3,2,2,322,7,Lost
16404,2011-09-30 14:55:00,70,1,443.05,3,2,2,322,7,Lost
17376,2011-09-30 12:36:00,70,1,203.20,3,1,1,311,5,Lost
12822,2011-09-30 10:04:00,70,1,948.88,3,4,4,344,11,Loyal Customers
14164,2011-09-30 12:24:00,70,1,1631.77,3,4,4,344,11,Loyal Customers
13972,2011-09-30 11:54:00,70,1,190.25,3,1,1,311,5,Lost
12694,2011-09-30 13:06:00,70,1,869.67,3,3,3,333,9,Loyal Customers
15164,2011-10-02 12:05:00,68,1,843.05,3,3,3,333,9,Loyal Customers
15579,2011-10-02 12:45:00,68,1,348.60,3,2,2,322,7,Lost
15774,2011-10-02 12:04:00,68,1,270.80,3,2,2,322,7,Lost
16667,2011-10-02 15:26:00,68,1,570.13,3,3,3,333,9,Loyal Customers
14970,2011-10-02 13:44:00,68,1,1592.06,3,4,4,344,11,Loyal Customers
16693,2011-10-02 11:10:00,68,1,482.01,3,2,2,322,7,Lost
16591,2011-10-02 10:43:00,68,1,213.50,3,1,1,311,5,Lost
12637,2011-10-03 13:46:00,67,1,6021.90,3,5,5,355,13,Loyal Customers
15930,2011-10-03 14:52:00,67,1,426.63,3,2,2,322,7,Lost
15091,2011-10-03 12:47:00,67,1,480.71,3,2,2,322,7,Lost
13431,2011-10-03 13:49:00,67,1,1269.10,3,4,4,344,11,Loyal Customers
13635,2011-10-03 10:55:00,67,1,1071.03,3,4,4,344,11,Loyal Customers
16774,2011-10-03 12:41:00,67,1,661.52,3,3,3,333,9,Loyal Customers
12886,2011-10-03 10:09:00,67,1,1378.40,3,4,4,344,11,Loyal Customers
16183,2011-10-03 14:59:00,67,1,338.71,3,2,2,322,7,Lost
13344,2011-10-03 09:45:00,67,1,2543.72,3,5,5,355,13,Loyal Customers
14333,2011-10-03 10:38:00,67,1,415.20,3,2,2,322,7,Lost
14644,2011-10-03 08:30:00,67,1,830.76,3,3,3,333,9,Loyal Customers
14651,2011-10-03 15:52:00,67,1,654.60,3,3,3,333,9,Loyal Customers
15299,2011-10-03 14:19:00,67,1,4507.01,3,5,5,355,13,Loyal Customers
18116,2011-10-03 11:00:00,67,1,1418.03,3,4,4,344,11,Loyal Customers
16441,2011-10-03 17:48:00,67,1,381.20,3,2,2,322,7,Lost
14488,2011-10-03 09:30:00,67,1,1064.28,3,4,4,344,11,Loyal Customers
14193,2011-10-03 09:34:00,67,1,853.39,3,3,3,333,9,Loyal Customers
16875,2011-10-03 13:39:00,67,1,2095.53,3,5,5,355,13,Loyal Customers
15181,2011-10-04 13:58:00,66,1,689.48,3,3,3,333,9,Loyal Customers
15739,2011-10-04 13:42:00,66,1,449.12,3,2,2,322,7,Lost
14462,2011-10-04 15:55:00,66,1,2004.02,3,4,4,344,11,Loyal Customers
14184,2011-10-04 12:43:00,66,1,452.89,3,2,2,322,7,Lost
16881,2011-10-04 10:33:00,66,1,432.00,3,2,2,322,7,Lost
16374,2011-10-04 15:21:00,66,1,473.03,3,2,2,322,7,Lost
17667,2011-10-04 14:32:00,66,1,2055.51,3,4,4,344,11,Loyal Customers
13317,2011-10-04 13:35:00,66,1,2273.68,3,5,5,355,13,Loyal Customers
15255,2011-10-04 12:43:00,66,1,890.85,3,3,3,333,9,Loyal Customers
15241,2011-10-04 09:05:00,66,1,1756.44,3,4,4,344,11,Loyal Customers
12457,2011-10-04 13:13:00,66,1,2363.23,3,5,5,355,13,Loyal Customers
17957,2011-10-04 14:58:00,66,1,111.68,3,1,1,311,5,Lost
13351,2011-10-04 12:55:00,66,1,373.94,3,2,2,322,7,Lost
12512,2011-10-04 14:55:00,66,1,138.03,3,1,1,311,5,Lost
15339,2011-10-04 12:51:00,66,1,574.07,3,3,3,333,9,Loyal Customers
15276,2011-10-04 16:39:00,66,1,135.31,3,1,1,311,5,Lost
13792,2011-10-04 14:31:00,66,1,195.55,3,1,1,311,5,Lost
12413,2011-10-04 09:00:00,66,1,758.10,3,3,3,333,9,Loyal Customers
13552,2011-10-04 15:19:00,66,1,3740.07,3,5,5,355,13,Loyal Customers
16253,2011-10-04 09:09:00,66,1,3683.86,3,5,5,355,13,Loyal Customers
16556,2011-10-04 11:36:00,66,1,3313.79,3,5,5,355,13,Loyal Customers
13801,2011-10-04 10:15:00,66,1,324.80,3,2,2,322,7,Lost
15228,2011-10-04 13:56:00,66,1,3386.71,3,5,5,355,13,Loyal Customers
16882,2011-10-04 10:42:00,66,1,705.12,3,3,3,333,9,Loyal Customers
14396,2011-10-05 16:09:00,65,1,487.99,3,2,2,322,7,Lost
13483,2011-10-05 11:53:00,65,1,140.34,3,1,1,311,5,Lost
17483,2011-10-05 13:10:00,65,1,414.04,3,2,2,322,7,Lost
16803,2011-10-05 14:28:00,65,1,332.30,3,2,2,322,7,Lost
13989,2011-10-05 09:47:00,65,1,1266.08,3,4,4,344,11,Loyal Customers
15762,2011-10-05 16:15:00,65,1,583.75,3,3,3,333,9,Loyal Customers
18033,2011-10-05 17:28:00,65,1,97.97,3,1,1,311,5,Lost
15757,2011-10-05 12:14:00,65,1,714.42,3,3,3,333,9,Loyal Customers
17382,2011-10-05 13:05:00,65,1,65.40,3,1,1,311,5,Lost
13947,2011-10-05 14:42:00,65,1,90.60,3,1,1,311,5,Lost
17647,2011-10-05 15:38:00,65,1,133.06,3,1,1,311,5,Lost
12843,2011-10-05 12:09:00,65,1,1702.26,3,4,4,344,11,Loyal Customers
12789,2011-10-05 13:34:00,65,1,91.85,3,1,1,311,5,Lost
16106,2011-10-05 10:37:00,65,1,108.38,3,1,1,311,5,Lost
14389,2011-10-05 15:17:00,65,1,1043.46,3,4,4,344,11,Loyal Customers
14054,2011-10-05 15:49:00,65,1,92.46,3,1,1,311,5,Lost
15127,2011-10-05 10:30:00,65,1,406.53,3,2,2,322,7,Lost
15730,2011-10-05 12:31:00,65,1,1120.88,3,4,4,344,11,Loyal Customers
16758,2011-10-05 14:47:00,65,1,369.34,3,2,2,322,7,Lost
15048,2011-10-05 14:55:00,65,1,384.05,3,2,2,322,7,Lost
15244,2011-10-05 13:19:00,65,1,631.57,3,3,3,333,9,Loyal Customers
16140,2011-10-05 12:15:00,65,1,725.18,3,3,3,333,9,Loyal Customers
16160,2011-10-05 14:19:00,65,1,1025.44,3,4,4,344,11,Loyal Customers
16040,2011-10-05 13:47:00,65,1,1313.55,3,4,4,344,11,Loyal Customers
16059,2011-10-05 09:56:00,65,1,1459.86,3,4,4,344,11,Loyal Customers
17222,2011-10-05 13:58:00,65,1,354.15,3,2,2,322,7,Lost
13422,2011-10-06 13:42:00,64,1,2626.30,3,5,5,355,13,Loyal Customers
13177,2011-10-06 09:56:00,64,1,282.45,3,2,2,322,7,Lost
12923,2011-10-06 16:20:00,64,1,176.97,3,1,1,311,5,Lost
12939,2011-10-06 14:33:00,64,1,11581.80,3,5,5,355,13,Loyal Customers
16895,2011-10-06 12:15:00,64,1,219.14,3,1,1,311,5,Lost
15837,2011-10-06 09:01:00,64,1,391.98,3,2,2,322,7,Lost
15315,2011-10-06 12:51:00,64,1,570.50,3,3,3,333,9,Loyal Customers
13602,2011-10-06 11:47:00,64,1,428.89,3,2,2,322,7,Lost
14317,2011-10-06 10:44:00,64,1,508.58,3,3,3,333,9,Loyal Customers
13504,2011-10-06 13:20:00,64,1,295.93,3,2,2,322,7,Lost
16316,2011-10-06 13:48:00,64,1,2938.91,3,5,5,355,13,Loyal Customers
14538,2011-10-06 10:31:00,64,1,388.25,3,2,2,322,7,Lost
13771,2011-10-06 14:18:00,64,1,2634.45,3,5,5,355,13,Loyal Customers
13049,2011-10-06 15:31:00,64,1,656.68,3,3,3,333,9,Loyal Customers
14518,2011-10-06 14:43:00,64,1,174.37,3,1,1,311,5,Lost
13845,2011-10-06 08:25:00,64,1,312.98,3,2,2,322,7,Lost
15518,2011-10-06 13:05:00,64,1,1942.45,3,4,4,344,11,Loyal Customers
15766,2011-10-06 17:03:00,64,1,315.06,3,2,2,322,7,Lost
15416,2011-10-06 09:38:00,64,1,3984.32,3,5,5,355,13,Loyal Customers
13591,2011-10-06 12:26:00,64,1,1117.13,3,4,4,344,11,Loyal Customers
15306,2011-10-06 12:56:00,64,1,1174.35,3,4,4,344,11,Loyal Customers
17921,2011-10-06 18:56:00,64,1,826.52,3,3,3,333,9,Loyal Customers
13348,2011-10-06 17:28:00,64,1,233.76,3,1,1,311,5,Lost
13023,2011-10-06 16:27:00,64,1,689.90,3,3,3,333,9,Loyal Customers
15300,2011-10-06 17:08:00,64,1,496.44,3,3,3,333,9,Loyal Customers
16432,2011-10-06 13:59:00,64,1,287.40,3,2,2,322,7,Lost
16184,2011-10-06 17:43:00,64,1,1158.79,3,4,4,344,11,Loyal Customers
14819,2011-10-06 13:41:00,64,1,272.07,3,2,2,322,7,Lost
15937,2011-10-06 15:48:00,64,1,145.35,3,1,1,311,5,Lost
14959,2011-10-06 18:23:00,64,1,695.42,3,3,3,333,9,Loyal Customers
14257,2011-10-06 16:54:00,64,1,3099.72,3,5,5,355,13,Loyal Customers
15264,2011-10-06 13:49:00,64,1,393.74,3,2,2,322,7,Lost
13876,2011-10-07 10:22:00,63,1,122.70,3,1,1,311,5,Lost
13763,2011-10-07 15:13:00,63,1,1714.96,3,4,4,344,11,Loyal Customers
14844,2011-10-07 10:41:00,63,1,3189.81,3,5,5,355,13,Loyal Customers
16455,2011-10-07 12:17:00,63,1,1841.18,3,4,4,344,11,Loyal Customers
12420,2011-10-07 08:55:00,63,1,600.39,3,3,3,333,9,Loyal Customers
15815,2011-10-07 12:42:00,63,1,2100.60,3,5,5,355,13,Loyal Customers
12781,2011-10-07 10:37:00,63,1,826.74,3,3,3,333,9,Loyal Customers
15706,2011-10-07 10:09:00,63,1,1060.56,3,4,4,344,11,Loyal Customers
16477,2011-10-07 09:44:00,63,1,2494.46,3,5,5,355,13,Loyal Customers
12885,2011-10-07 13:40:00,63,1,1175.22,3,4,4,344,11,Loyal Customers
18136,2011-10-07 15:40:00,63,1,784.33,3,3,3,333,9,Loyal Customers
16354,2011-10-07 14:28:00,63,1,395.80,3,2,2,322,7,Lost
12519,2011-10-07 09:26:00,63,1,340.84,3,2,2,322,7,Lost
13359,2011-10-07 09:30:00,63,1,439.56,3,2,2,322,7,Lost
17030,2011-10-07 08:49:00,63,1,146.87,3,1,1,311,5,Lost
13587,2011-10-07 12:31:00,63,1,712.40,3,3,3,333,9,Loyal Customers
13689,2011-10-07 13:21:00,63,1,910.00,3,3,3,333,9,Loyal Customers
12740,2011-10-07 10:44:00,63,1,427.60,3,2,2,322,7,Lost
14067,2011-10-07 10:21:00,63,1,374.70,3,2,2,322,7,Lost
13169,2011-10-07 12:11:00,63,1,712.88,3,3,3,333,9,Loyal Customers
14029,2011-10-07 14:46:00,63,1,467.66,3,2,2,322,7,Lost
13419,2011-10-07 12:49:00,63,1,221.06,3,1,1,311,5,Lost
12492,2011-10-07 15:15:00,63,1,263.21,3,2,2,322,7,Lost
14792,2011-10-07 09:19:00,63,1,6.20,3,1,1,311,5,Lost
12394,2011-10-07 08:08:00,63,1,1272.48,3,4,4,344,11,Loyal Customers
15874,2011-10-07 12:31:00,63,1,4405.88,3,5,5,355,13,Loyal Customers
13806,2011-10-07 11:43:00,63,1,256.38,3,2,2,322,7,Lost
13276,2011-10-07 12:44:00,63,1,590.93,3,3,3,333,9,Loyal Customers
15756,2011-10-09 13:30:00,61,1,532.96,3,3,3,333,9,Loyal Customers
16380,2011-10-09 15:40:00,61,1,1780.59,3,4,4,344,11,Loyal Customers
16685,2011-10-09 13:58:00,61,1,324.24,3,2,2,322,7,Lost
16595,2011-10-09 13:15:00,61,1,360.16,3,2,2,322,7,Lost
16104,2011-10-09 10:23:00,61,1,302.36,3,2,2,322,7,Lost
14514,2011-10-09 16:05:00,61,1,1055.35,3,4,4,344,11,Loyal Customers
13193,2011-10-09 14:30:00,61,1,117.88,3,1,1,311,5,Lost
18088,2011-10-09 13:41:00,61,1,167.67,3,1,1,311,5,Lost
16248,2011-10-09 11:32:00,61,1,152.94,3,1,1,311,5,Lost
15606,2011-10-09 15:47:00,61,1,2920.16,3,5,5,355,13,Loyal Customers
16518,2011-10-09 15:04:00,61,1,484.32,3,2,2,322,7,Lost
16921,2011-10-09 16:22:00,61,1,169.79,3,1,1,311,5,Lost
13260,2011-10-09 13:21:00,61,1,557.62,3,3,3,333,9,Loyal Customers
13259,2011-10-09 10:48:00,61,1,292.32,3,2,2,322,7,Lost
14801,2011-10-09 15:24:00,61,1,193.14,3,1,1,311,5,Lost
17648,2011-10-10 09:41:00,60,1,1797.50,3,4,4,344,11,Loyal Customers
14529,2011-10-10 15:27:00,60,1,620.04,3,3,3,333,9,Loyal Customers
18126,2011-10-10 12:19:00,60,1,206.83,3,1,1,311,5,Lost
17589,2011-10-10 16:58:00,60,1,2404.17,3,5,5,355,13,Loyal Customers
17214,2011-10-10 13:17:00,60,1,1069.12,3,4,4,344,11,Loyal Customers
15304,2011-10-10 10:23:00,60,1,694.40,3,3,3,333,9,Loyal Customers
15886,2011-10-10 14:25:00,60,1,181.09,3,1,1,311,5,Lost
17462,2011-10-10 13:56:00,60,1,675.69,3,3,3,333,9,Loyal Customers
16385,2011-10-10 13:12:00,60,1,555.89,3,3,3,333,9,Loyal Customers
15193,2011-10-10 08:23:00,60,1,499.32,3,3,3,333,9,Loyal Customers
13473,2011-10-10 11:20:00,60,1,422.64,3,2,2,322,7,Lost
16982,2011-10-10 12:28:00,60,1,384.06,3,2,2,322,7,Lost
13373,2011-10-10 10:51:00,60,1,3312.25,3,5,5,355,13,Loyal Customers
14451,2011-10-10 13:38:00,60,1,662.59,3,3,3,333,9,Loyal Customers
18169,2011-10-10 12:18:00,60,1,202.65,3,1,1,311,5,Lost
17284,2011-10-10 14:38:00,60,1,1652.58,3,4,4,344,11,Loyal Customers
16179,2011-10-10 09:41:00,60,1,215.83,3,1,1,311,5,Lost
15211,2011-10-10 13:31:00,60,1,894.41,3,3,3,333,9,Loyal Customers
13352,2011-10-10 13:55:00,60,1,397.98,3,2,2,322,7,Lost
14027,2011-10-10 09:01:00,60,1,104.82,3,1,1,311,5,Lost
13224,2011-10-10 14:55:00,60,1,2155.95,3,5,5,355,13,Loyal Customers
13980,2011-10-10 13:34:00,60,1,200.14,3,1,1,311,5,Lost
13666,2011-10-10 15:39:00,60,1,84.65,3,1,1,311,5,Lost
14665,2011-10-10 09:14:00,60,1,1835.70,3,4,4,344,11,Loyal Customers
17025,2011-10-10 09:06:00,60,1,357.77,3,2,2,322,7,Lost
12607,2011-10-10 16:06:00,60,1,1579.51,3,4,4,344,11,Loyal Customers
15553,2011-10-10 14:02:00,60,1,437.23,3,2,2,322,7,Lost
14128,2011-10-10 12:00:00,60,1,637.50,3,3,3,333,9,Loyal Customers
14201,2011-10-10 13:27:00,60,1,747.44,3,3,3,333,9,Loyal Customers
15128,2011-10-10 13:54:00,60,1,1471.00,3,4,4,344,11,Loyal Customers
17552,2011-10-10 17:00:00,60,1,930.41,3,3,3,333,9,Loyal Customers
16776,2011-10-10 13:04:00,60,1,388.28,3,2,2,322,7,Lost
16395,2011-10-10 12:50:00,60,1,1486.90,3,4,4,344,11,Loyal Customers
14535,2011-10-10 15:39:00,60,1,2864.19,3,5,5,355,13,Loyal Customers
12824,2011-10-11 12:49:00,59,1,397.12,3,2,2,322,7,Lost
16171,2011-10-11 14:51:00,59,1,73.20,3,1,1,311,5,Lost
13690,2011-10-11 15:03:00,59,1,172.25,3,1,1,311,5,Lost
12836,2011-10-11 15:10:00,59,1,2612.86,3,5,5,355,13,Loyal Customers
12772,2011-10-11 09:19:00,59,1,892.47,3,3,3,333,9,Loyal Customers
14952,2011-10-11 10:33:00,59,1,8099.49,3,5,5,355,13,Loyal Customers
13109,2011-10-11 10:16:00,59,1,786.54,3,3,3,333,9,Loyal Customers
14857,2011-10-11 09:23:00,59,1,1173.12,3,4,4,344,11,Loyal Customers
17620,2011-10-11 12:08:00,59,1,81.44,3,1,1,311,5,Lost
12530,2011-10-11 12:34:00,59,1,1662.28,3,4,4,344,11,Loyal Customers
16861,2011-10-11 09:05:00,59,1,173.76,3,1,1,311,5,Lost
13283,2011-10-11 09:50:00,59,1,93.66,3,1,1,311,5,Lost
16136,2011-10-11 09:10:00,59,1,709.38,3,3,3,333,9,Loyal Customers
16086,2011-10-11 13:09:00,59,1,1121.39,3,4,4,344,11,Loyal Customers
14175,2011-10-11 11:55:00,59,1,3222.30,3,5,5,355,13,Loyal Customers
15199,2011-10-11 15:12:00,59,1,1268.70,3,4,4,344,11,Loyal Customers
13919,2011-10-11 14:24:00,59,1,384.81,3,2,2,322,7,Lost
13517,2011-10-11 11:43:00,59,1,2128.42,3,5,5,355,13,Loyal Customers
17863,2011-10-11 13:45:00,59,1,3160.00,3,5,5,355,13,Loyal Customers
13627,2011-10-11 14:20:00,59,1,1638.47,3,4,4,344,11,Loyal Customers
16120,2011-10-11 14:22:00,59,1,1309.14,3,4,4,344,11,Loyal Customers
14642,2011-10-12 11:08:00,58,1,96.12,3,1,1,311,5,Lost
13520,2011-10-12 10:20:00,58,1,3624.35,3,5,5,355,13,Loyal Customers
13865,2011-10-12 13:31:00,58,1,501.56,3,3,3,333,9,Loyal Customers
13464,2011-10-12 15:01:00,58,1,674.68,3,3,3,333,9,Loyal Customers
16753,2011-10-12 13:14:00,58,1,223.92,3,1,1,311,5,Lost
12602,2011-10-12 11:22:00,58,1,153.12,3,1,1,311,5,Lost
16652,2011-10-12 09:38:00,58,1,6773.97,3,5,5,355,13,Loyal Customers
18277,2011-10-12 15:22:00,58,1,110.38,3,1,1,311,5,Lost
13842,2011-10-12 10:51:00,58,1,3385.62,3,5,5,355,13,Loyal Customers
16203,2011-10-12 12:31:00,58,1,592.90,3,3,3,333,9,Loyal Customers
14852,2011-10-12 13:20:00,58,1,2836.69,3,5,5,355,13,Loyal Customers
15281,2011-10-12 09:10:00,58,1,2332.15,3,5,5,355,13,Loyal Customers
15038,2011-10-12 11:33:00,58,1,705.49,3,3,3,333,9,Loyal Customers
17064,2011-10-12 10:18:00,58,1,859.35,3,3,3,333,9,Loyal Customers
14541,2011-10-12 10:08:00,58,1,1461.65,3,4,4,344,11,Loyal Customers
14761,2011-10-12 12:10:00,58,1,255.90,3,2,2,322,7,Lost
14775,2011-10-12 15:27:00,58,1,1011.90,3,4,4,344,11,Loyal Customers
13208,2011-10-12 09:54:00,58,1,1223.90,3,4,4,344,11,Loyal Customers
12679,2011-10-12 12:30:00,58,1,1113.02,3,4,4,344,11,Loyal Customers
17913,2011-10-12 10:45:00,58,1,411.60,3,2,2,322,7,Lost
15840,2011-10-12 09:08:00,58,1,355.56,3,2,2,322,7,Lost
17190,2011-10-12 11:33:00,58,1,444.74,3,2,2,322,7,Lost
15421,2011-10-12 09:20:00,58,1,950.36,3,4,4,344,11,Loyal Customers
17489,2011-10-12 08:56:00,58,1,376.64,3,2,2,322,7,Lost
12633,2011-10-12 11:40:00,58,1,2163.98,3,5,5,355,13,Loyal Customers
12667,2011-10-12 17:00:00,58,1,620.13,3,3,3,333,9,Loyal Customers
18171,2011-10-12 09:13:00,58,1,1231.31,3,4,4,344,11,Loyal Customers
15831,2011-10-12 13:14:00,58,1,801.76,3,3,3,333,9,Loyal Customers
16121,2011-10-13 12:59:00,57,1,867.11,3,3,3,333,9,Loyal Customers
17509,2011-10-13 10:26:00,57,1,6115.14,3,5,5,355,13,Loyal Customers
17614,2011-10-13 16:01:00,57,1,390.07,3,2,2,322,7,Lost
17169,2011-10-13 10:25:00,57,1,835.78,3,3,3,333,9,Loyal Customers
12359,2011-10-13 12:47:00,57,1,6372.58,3,5,5,355,13,Loyal Customers
13911,2011-10-13 15:43:00,57,1,2580.91,3,5,5,355,13,Loyal Customers
14421,2011-10-13 13:24:00,57,1,813.11,3,3,3,333,9,Loyal Customers
13487,2011-10-13 12:07:00,57,1,575.40,3,3,3,333,9,Loyal Customers
17181,2011-10-13 14:48:00,57,1,239.92,3,1,1,311,5,Lost
17279,2011-10-13 11:58:00,57,1,187.83,3,1,1,311,5,Lost
14976,2011-10-13 16:37:00,57,1,790.86,3,3,3,333,9,Loyal Customers
14537,2011-10-13 10:54:00,57,1,355.56,3,2,2,322,7,Lost
12446,2011-10-13 12:50:00,57,1,1002.31,3,4,4,344,11,Loyal Customers
14624,2011-10-13 13:44:00,57,1,225.85,3,1,1,311,5,Lost
16793,2011-10-13 15:08:00,57,1,243.84,3,1,1,311,5,Lost
16430,2011-10-13 14:47:00,57,1,300.85,3,2,2,322,7,Lost
16773,2011-10-13 14:37:00,57,1,171.59,3,1,1,311,5,Lost
15367,2011-10-13 14:13:00,57,1,1877.59,3,4,4,344,11,Loyal Customers
16770,2011-10-13 12:21:00,57,1,770.10,3,3,3,333,9,Loyal Customers
12876,2011-10-13 12:26:00,57,1,2218.02,3,5,5,355,13,Loyal Customers
13827,2011-10-13 12:38:00,57,1,412.05,3,2,2,322,7,Lost
13930,2011-10-13 09:45:00,57,1,337.34,3,2,2,322,7,Lost
18160,2011-10-13 15:50:00,57,1,638.06,3,3,3,333,9,Loyal Customers
12631,2011-10-13 13:53:00,57,1,640.50,3,3,3,333,9,Loyal Customers
15272,2011-10-13 12:59:00,57,1,721.94,3,3,3,333,9,Loyal Customers
13858,2011-10-13 16:17:00,57,1,216.17,3,1,1,311,5,Lost
12613,2011-10-13 14:59:00,57,1,3344.38,3,5,5,355,13,Loyal Customers
16224,2011-10-13 17:51:00,57,1,1295.30,3,4,4,344,11,Loyal Customers
14555,2011-10-13 16:24:00,57,1,324.14,3,2,2,322,7,Lost
13853,2011-10-13 14:18:00,57,1,1090.14,3,4,4,344,11,Loyal Customers
14975,2011-10-13 14:08:00,57,1,279.94,3,2,2,322,7,Lost
16239,2011-10-14 08:29:00,56,1,414.20,3,2,2,322,7,Lost
16413,2011-10-14 12:08:00,56,1,262.20,3,2,2,322,7,Lost
15620,2011-10-14 12:41:00,56,1,1553.18,3,4,4,344,11,Loyal Customers
17180,2011-10-14 15:46:00,56,1,796.03,3,3,3,333,9,Loyal Customers
16081,2011-10-14 13:06:00,56,1,2806.90,3,5,5,355,13,Loyal Customers
13006,2011-10-14 13:49:00,56,1,81.57,3,1,1,311,5,Lost
13213,2011-10-14 11:42:00,56,1,1520.58,3,4,4,344,11,Loyal Customers
17892,2011-10-14 16:49:00,56,1,244.10,3,1,1,311,5,Lost
14567,2011-10-14 10:21:00,56,1,1530.36,3,4,4,344,11,Loyal Customers
16394,2011-10-14 09:48:00,56,1,1555.34,3,4,4,344,11,Loyal Customers
14089,2011-10-14 10:38:00,56,1,161.00,3,1,1,311,5,Lost
18228,2011-10-14 09:21:00,56,1,779.90,3,3,3,333,9,Loyal Customers
17771,2011-10-14 11:43:00,56,1,245.81,3,1,1,311,5,Lost
15826,2011-10-14 16:05:00,56,1,1654.31,3,4,4,344,11,Loyal Customers
13136,2011-10-14 13:41:00,56,1,2607.61,3,5,5,355,13,Loyal Customers
17986,2011-10-14 14:22:00,56,1,20.80,3,1,1,311,5,Lost
16950,2011-10-14 09:06:00,56,1,1178.56,3,4,4,344,11,Loyal Customers
12454,2011-10-14 17:13:00,56,1,3528.34,3,5,5,355,13,Loyal Customers
14937,2011-10-14 12:29:00,56,1,1621.88,3,4,4,344,11,Loyal Customers
16206,2011-10-16 10:41:00,54,1,537.06,3,3,3,333,9,Loyal Customers
16674,2011-10-16 11:31:00,54,1,319.61,3,2,2,322,7,Lost
16052,2011-10-16 15:13:00,54,1,362.06,3,2,2,322,7,Lost
15440,2011-10-16 12:16:00,54,1,383.68,3,2,2,322,7,Lost
16934,2011-10-16 12:40:00,54,1,950.93,3,4,4,344,11,Loyal Customers
13878,2011-10-16 12:19:00,54,1,1281.53,3,4,4,344,11,Loyal Customers
13760,2011-10-16 16:13:00,54,1,286.79,3,2,2,322,7,Lost
15545,2011-10-16 13:24:00,54,1,292.72,3,2,2,322,7,Lost
14780,2011-10-16 12:46:00,54,1,447.68,3,2,2,322,7,Lost
15994,2011-10-16 12:28:00,54,1,427.07,3,2,2,322,7,Lost
12940,2011-10-16 12:09:00,54,1,913.54,3,3,3,333,9,Loyal Customers
13034,2011-10-16 12:21:00,54,1,642.77,3,3,3,333,9,Loyal Customers
16563,2011-10-17 11:51:00,53,1,1077.74,3,4,4,344,11,Loyal Customers
17201,2011-10-17 11:55:00,53,1,342.63,3,2,2,322,7,Lost
18042,2011-10-17 11:49:00,53,1,165.05,3,1,1,311,5,Lost
12794,2011-10-17 14:54:00,53,1,860.41,3,3,3,333,9,Loyal Customers
12463,2011-10-17 13:44:00,53,1,1344.78,3,4,4,344,11,Loyal Customers
13923,2011-10-17 12:33:00,53,1,351.13,3,2,2,322,7,Lost
17534,2011-10-17 12:47:00,53,1,223.36,3,1,1,311,5,Lost
14211,2011-10-17 13:23:00,53,1,2241.10,3,5,5,355,13,Loyal Customers
17785,2011-10-17 13:43:00,53,1,131.94,3,1,1,311,5,Lost
14830,2011-10-17 14:29:00,53,1,197.13,3,1,1,311,5,Lost
15598,2011-10-17 16:04:00,53,1,240.68,3,1,1,311,5,Lost
17734,2011-10-17 12:33:00,53,1,700.63,3,3,3,333,9,Loyal Customers
15335,2011-10-17 12:50:00,53,1,173.97,3,1,1,311,5,Lost
14443,2011-10-17 10:10:00,53,1,1420.20,3,4,4,344,11,Loyal Customers
16932,2011-10-17 14:12:00,53,1,161.94,3,1,1,311,5,Lost
17527,2011-10-17 12:32:00,53,1,939.37,3,3,3,333,9,Loyal Customers
16737,2011-10-17 13:03:00,53,1,417.60,3,2,2,322,7,Lost
13265,2011-10-17 15:02:00,53,1,2107.66,3,5,5,355,13,Loyal Customers
16542,2011-10-17 10:47:00,53,1,119.62,3,1,1,311,5,Lost
12475,2011-10-17 10:10:00,53,1,723.38,3,3,3,333,9,Loyal Customers
13750,2011-10-17 12:16:00,53,1,1647.26,3,4,4,344,11,Loyal Customers
16363,2011-10-17 14:14:00,53,1,109.36,3,1,1,311,5,Lost
14841,2011-10-17 15:03:00,53,1,3295.76,3,5,5,355,13,Loyal Customers
15066,2011-10-17 13:25:00,53,1,893.59,3,3,3,333,9,Loyal Customers
17244,2011-10-17 15:19:00,53,1,954.90,3,4,4,344,11,Loyal Customers
15012,2011-10-17 12:22:00,53,1,423.04,3,2,2,322,7,Lost
17612,2011-10-17 14:59:00,53,1,2048.45,3,4,4,344,11,Loyal Customers
16389,2011-10-17 14:41:00,53,1,1382.07,3,4,4,344,11,Loyal Customers
13015,2011-10-17 13:19:00,53,1,3346.28,3,5,5,355,13,Loyal Customers
13875,2011-10-17 09:36:00,53,1,1786.79,3,4,4,344,11,Loyal Customers
17206,2011-10-17 13:25:00,53,1,204.24,3,1,1,311,5,Lost
16412,2011-10-17 12:35:00,53,1,151.83,3,1,1,311,5,Lost
17520,2011-10-17 12:04:00,53,1,546.81,3,3,3,333,9,Loyal Customers
17205,2011-10-17 12:46:00,53,1,384.08,3,2,2,322,7,Lost
14639,2011-10-18 15:06:00,52,1,2984.49,3,5,5,355,13,Loyal Customers
12863,2011-10-18 14:15:00,52,1,521.20,3,3,3,333,9,Loyal Customers
13594,2011-10-18 10:19:00,52,1,396.97,3,2,2,322,7,Lost
14861,2011-10-18 12:54:00,52,1,125.79,3,1,1,311,5,Lost
13637,2011-10-18 13:32:00,52,1,810.50,3,3,3,333,9,Loyal Customers
16940,2011-10-18 13:15:00,52,1,3049.88,3,5,5,355,13,Loyal Customers
14015,2011-10-18 10:02:00,52,1,917.34,3,3,3,333,9,Loyal Customers
12759,2011-10-18 14:49:00,52,1,1531.44,3,4,4,344,11,Loyal Customers
16848,2011-10-18 08:42:00,52,1,281.42,3,2,2,322,7,Lost
13805,2011-10-18 14:50:00,52,1,924.60,3,3,3,333,9,Loyal Customers
16734,2011-10-18 13:44:00,52,1,650.51,3,3,3,333,9,Loyal Customers
14381,2011-10-18 17:10:00,52,1,202.68,3,1,1,311,5,Lost
15678,2011-10-18 09:25:00,52,1,352.70,3,2,2,322,7,Lost
12360,2011-10-18 15:22:00,52,1,2662.06,3,5,5,355,13,Loyal Customers
16515,2011-10-18 13:10:00,52,1,1627.13,3,4,4,344,11,Loyal Customers
15505,2011-10-18 07:56:00,52,1,3610.96,3,5,5,355,13,Loyal Customers
17262,2011-10-18 12:56:00,52,1,1253.36,3,4,4,344,11,Loyal Customers
15327,2011-10-18 11:55:00,52,1,208.75,3,1,1,311,5,Lost
16249,2011-10-18 10:07:00,52,1,1800.07,3,4,4,344,11,Loyal Customers
14798,2011-10-18 10:58:00,52,1,173.74,3,1,1,311,5,Lost
12611,2011-10-18 13:12:00,52,1,1193.32,3,4,4,344,11,Loyal Customers
15140,2011-10-18 14:07:00,52,1,2354.25,3,5,5,355,13,Loyal Customers
17679,2011-10-18 07:43:00,52,1,1992.11,3,4,4,344,11,Loyal Customers
15604,2011-10-18 14:47:00,52,1,216.39,3,1,1,311,5,Lost
16730,2011-10-18 14:11:00,52,1,743.11,3,3,3,333,9,Loyal Customers
13032,2011-10-18 15:54:00,52,1,1010.18,3,4,4,344,11,Loyal Customers
15637,2011-10-18 08:28:00,52,1,223.36,3,1,1,311,5,Lost
14107,2011-10-19 12:12:00,51,1,2703.23,3,5,5,355,13,Loyal Customers
17973,2011-10-19 10:34:00,51,1,337.04,3,2,2,322,7,Lost
17148,2011-10-19 09:59:00,51,1,124.88,3,1,1,311,5,Lost
18019,2011-10-19 12:10:00,51,1,38.45,3,1,1,311,5,Lost
14799,2011-10-19 16:16:00,51,1,157.70,3,1,1,311,5,Lost
15803,2011-10-19 14:56:00,51,1,415.82,3,2,2,322,7,Lost
14229,2011-10-19 10:04:00,51,1,1547.20,3,4,4,344,11,Loyal Customers
16131,2011-10-19 11:53:00,51,1,3506.54,3,5,5,355,13,Loyal Customers
17934,2011-10-19 11:16:00,51,1,704.25,3,3,3,333,9,Loyal Customers
13491,2011-10-19 08:32:00,51,1,1215.82,3,4,4,344,11,Loyal Customers
16470,2011-10-19 12:11:00,51,1,762.39,3,3,3,333,9,Loyal Customers
16621,2011-10-19 11:38:00,51,1,813.48,3,3,3,333,9,Loyal Customers
12370,2011-10-19 14:51:00,51,1,3545.69,3,5,5,355,13,Loyal Customers
14273,2011-10-19 13:20:00,51,1,559.97,3,3,3,333,9,Loyal Customers
16826,2011-10-19 14:05:00,51,1,341.70,3,2,2,322,7,Lost
14776,2011-10-19 15:34:00,51,1,2538.30,3,5,5,355,13,Loyal Customers
12596,2011-10-19 13:02:00,51,1,618.27,3,3,3,333,9,Loyal Customers
15468,2011-10-19 13:49:00,51,1,467.51,3,2,2,322,7,Lost
14306,2011-10-19 13:23:00,51,1,2093.32,3,5,5,355,13,Loyal Customers
15006,2011-10-19 15:08:00,51,1,502.09,3,3,3,333,9,Loyal Customers
15220,2011-10-19 12:39:00,51,1,1778.96,3,4,4,344,11,Loyal Customers
12744,2011-10-19 11:18:00,51,1,21279.29,3,5,5,355,13,Loyal Customers
13849,2011-10-19 10:59:00,51,1,1537.95,3,4,4,344,11,Loyal Customers
15610,2011-10-19 10:36:00,51,1,112.46,3,1,1,311,5,Lost
17824,2011-10-19 14:14:00,51,1,298.40,3,2,2,322,7,Lost
15754,2011-10-19 14:40:00,51,1,458.57,3,2,2,322,7,Lost
15853,2011-10-19 10:38:00,51,1,110.80,3,1,1,311,5,Lost
16123,2011-10-19 09:18:00,51,1,307.78,3,2,2,322,7,Lost
16170,2011-10-20 08:21:00,50,1,1885.05,3,4,4,344,11,Loyal Customers
16846,2011-10-20 13:55:00,50,1,214.32,3,1,1,311,5,Lost
17007,2011-10-20 10:47:00,50,1,889.93,3,3,3,333,9,Loyal Customers
14923,2011-10-20 11:51:00,50,1,749.10,3,3,3,333,9,Loyal Customers
17672,2011-10-20 14:18:00,50,1,3178.17,3,5,5,355,13,Loyal Customers
15565,2011-10-20 14:33:00,50,1,173.16,3,1,1,311,5,Lost
18149,2011-10-20 12:04:00,50,1,612.08,3,3,3,333,9,Loyal Customers
13245,2011-10-20 11:40:00,50,1,430.50,3,2,2,322,7,Lost
14495,2011-10-20 12:28:00,50,1,123.80,3,1,1,311,5,Lost
13366,2011-10-20 13:37:00,50,1,56.16,3,1,1,311,5,Lost
14631,2011-10-20 11:17:00,50,1,1006.98,3,4,4,344,11,Loyal Customers
13573,2011-10-20 14:33:00,50,1,294.40,3,2,2,322,7,Lost
15469,2011-10-20 16:21:00,50,1,538.55,3,3,3,333,9,Loyal Customers
14427,2011-10-20 14:23:00,50,1,363.34,3,2,2,322,7,Lost
16177,2011-10-20 12:57:00,50,1,331.95,3,2,2,322,7,Lost
17092,2011-10-20 19:51:00,50,1,1777.78,3,4,4,344,11,Loyal Customers
15836,2011-10-20 17:13:00,50,1,137.37,3,1,1,311,5,Lost
15587,2011-10-20 13:37:00,50,1,913.68,3,3,3,333,9,Loyal Customers
17420,2011-10-20 14:52:00,50,1,598.83,3,3,3,333,9,Loyal Customers
14484,2011-10-20 14:11:00,50,1,321.92,3,2,2,322,7,Lost
16593,2011-10-20 12:41:00,50,1,330.03,3,2,2,322,7,Lost
15121,2011-10-20 14:51:00,50,1,457.72,3,2,2,322,7,Lost
13669,2011-10-20 09:32:00,50,1,218.55,3,1,1,311,5,Lost
14261,2011-10-20 10:04:00,50,1,1163.45,3,4,4,344,11,Loyal Customers
15129,2011-10-20 14:40:00,50,1,3447.40,3,5,5,355,13,Loyal Customers
14638,2011-10-20 10:10:00,50,1,443.60,3,2,2,322,7,Lost
15301,2011-10-20 09:57:00,50,1,5070.35,3,5,5,355,13,Loyal Customers
14585,2011-10-20 14:33:00,50,1,157.05,3,1,1,311,5,Lost
15807,2011-10-20 14:10:00,50,1,903.90,3,3,3,333,9,Loyal Customers
17354,2011-10-20 10:34:00,50,1,1393.06,3,4,4,344,11,Loyal Customers
15296,2011-10-20 11:47:00,50,1,3672.86,3,5,5,355,13,Loyal Customers
16099,2011-10-20 13:13:00,50,1,731.90,3,3,3,333,9,Loyal Customers
18252,2011-10-20 12:43:00,50,1,526.67,3,3,3,333,9,Loyal Customers
12556,2011-10-20 13:06:00,50,1,603.71,3,3,3,333,9,Loyal Customers
16260,2011-10-20 09:40:00,50,1,1035.45,3,4,4,344,11,Loyal Customers
17125,2011-10-20 14:41:00,50,1,259.35,3,2,2,322,7,Lost
17764,2011-10-20 11:03:00,50,1,818.82,3,3,3,333,9,Loyal Customers
13761,2011-10-20 14:01:00,50,1,1070.65,3,4,4,344,11,Loyal Customers
15664,2011-10-20 10:57:00,50,1,386.43,3,2,2,322,7,Lost
17571,2011-10-20 15:57:00,50,1,1498.51,3,4,4,344,11,Loyal Customers
13897,2011-10-20 14:30:00,50,1,311.16,3,2,2,322,7,Lost
17832,2011-10-21 11:43:00,49,1,155.37,3,1,1,311,5,Lost
12403,2011-10-21 10:51:00,49,1,427.70,3,2,2,322,7,Lost
13725,2011-10-21 10:03:00,49,1,1980.56,3,4,4,344,11,Loyal Customers
13974,2011-10-21 14:41:00,49,1,413.59,3,2,2,322,7,Lost
14967,2011-10-21 11:06:00,49,1,463.80,3,2,2,322,7,Lost
15819,2011-10-21 14:50:00,49,1,1905.45,3,4,4,344,11,Loyal Customers
15740,2011-10-21 14:29:00,49,1,154.88,3,1,1,311,5,Lost
16153,2011-10-21 10:50:00,49,1,1824.23,3,4,4,344,11,Loyal Customers
17361,2011-10-21 15:43:00,49,1,488.20,3,2,2,322,7,Lost
13157,2011-10-21 13:50:00,49,1,1741.22,3,4,4,344,11,Loyal Customers
12407,2011-10-21 10:11:00,49,1,1708.12,3,4,4,344,11,Loyal Customers
16497,2011-10-21 10:55:00,49,1,2965.69,3,5,5,355,13,Loyal Customers
14233,2011-10-21 15:54:00,49,1,1462.72,3,4,4,344,11,Loyal Customers
15677,2011-10-21 15:36:00,49,1,657.23,3,3,3,333,9,Loyal Customers
17940,2011-10-21 13:27:00,49,1,4106.44,3,5,5,355,13,Loyal Customers
13918,2011-10-21 12:25:00,49,1,1212.84,3,4,4,344,11,Loyal Customers
16918,2011-10-21 12:50:00,49,1,1068.82,3,4,4,344,11,Loyal Customers
13917,2011-10-21 09:56:00,49,1,272.04,3,2,2,322,7,Lost
15286,2011-10-21 11:08:00,49,1,240.55,3,1,1,311,5,Lost
17836,2011-10-23 16:13:00,47,1,110.21,3,1,1,311,5,Lost
16686,2011-10-23 13:49:00,47,1,3062.83,3,5,5,355,13,Loyal Customers
17111,2011-10-23 15:59:00,47,1,248.61,3,1,1,311,5,Lost
14731,2011-10-23 15:54:00,47,1,380.02,3,2,2,322,7,Lost
14800,2011-10-23 12:46:00,47,1,4339.74,3,5,5,355,13,Loyal Customers
15000,2011-10-23 11:42:00,47,1,490.52,3,3,3,333,9,Loyal Customers
16768,2011-10-23 10:38:00,47,1,478.09,3,2,2,322,7,Lost
16017,2011-10-23 12:56:00,47,1,211.88,3,1,1,311,5,Lost
16007,2011-10-23 11:05:00,47,1,1701.94,3,4,4,344,11,Loyal Customers
13598,2011-10-23 14:28:00,47,1,180.17,3,1,1,311,5,Lost
14504,2011-10-23 16:00:00,47,1,673.26,3,3,3,333,9,Loyal Customers
15068,2011-10-24 14:47:00,46,1,553.36,3,3,3,333,9,Loyal Customers
17186,2011-10-24 10:20:00,46,1,144.00,3,1,1,311,5,Lost
17317,2011-10-24 17:19:00,46,1,2600.34,3,5,5,355,13,Loyal Customers
15806,2011-10-24 14:35:00,46,1,784.58,3,3,3,333,9,Loyal Customers
16325,2011-10-24 08:48:00,46,1,594.24,3,3,3,333,9,Loyal Customers
14139,2011-10-24 13:34:00,46,1,415.82,3,2,2,322,7,Lost
13165,2011-10-24 15:05:00,46,1,1021.48,3,4,4,344,11,Loyal Customers
14145,2011-10-24 12:10:00,46,1,3742.20,3,5,5,355,13,Loyal Customers
15277,2011-10-24 10:08:00,46,1,255.90,3,2,2,322,7,Lost
14019,2011-10-24 10:13:00,46,1,1421.61,3,4,4,344,11,Loyal Customers
16491,2011-10-24 10:18:00,46,1,731.50,3,3,3,333,9,Loyal Customers
14997,2011-10-24 13:28:00,46,1,546.20,3,3,3,333,9,Loyal Customers
14474,2011-10-24 13:26:00,46,1,547.66,3,3,3,333,9,Loyal Customers
15786,2011-10-24 14:13:00,46,1,4932.20,3,5,5,355,13,Loyal Customers
16742,2011-10-24 12:02:00,46,1,464.90,3,2,2,322,7,Lost
15215,2011-10-24 11:41:00,46,1,734.94,3,3,3,333,9,Loyal Customers
16019,2011-10-24 11:51:00,46,1,3786.24,3,5,5,355,13,Loyal Customers
17423,2011-10-24 13:36:00,46,1,698.41,3,3,3,333,9,Loyal Customers
16728,2011-10-24 14:36:00,46,1,1054.67,3,4,4,344,11,Loyal Customers
13176,2011-10-24 15:43:00,46,1,492.84,3,3,3,333,9,Loyal Customers
15142,2011-10-24 12:51:00,46,1,498.74,3,3,3,333,9,Loyal Customers
15844,2011-10-24 15:19:00,46,1,130.74,3,1,1,311,5,Lost
18240,2011-10-24 13:06:00,46,1,422.58,3,2,2,322,7,Lost
17344,2011-10-24 12:56:00,46,1,160.57,3,1,1,311,5,Lost
15801,2011-10-24 13:52:00,46,1,1063.95,3,4,4,344,11,Loyal Customers
12546,2011-10-24 12:09:00,46,1,1161.50,3,4,4,344,11,Loyal Customers
14312,2011-10-24 09:46:00,46,1,1611.59,3,4,4,344,11,Loyal Customers
17004,2011-10-24 14:25:00,46,1,1412.94,3,4,4,344,11,Loyal Customers
15592,2011-10-24 08:59:00,46,1,388.58,3,2,2,322,7,Lost
16023,2011-10-24 16:34:00,46,1,719.81,3,3,3,333,9,Loyal Customers
14764,2011-10-24 11:54:00,46,1,278.30,3,2,2,322,7,Lost
16444,2011-10-24 13:50:00,46,1,654.67,3,3,3,333,9,Loyal Customers
18147,2011-10-25 11:46:00,45,1,179.34,3,1,1,311,5,Lost
16110,2011-10-25 14:35:00,45,1,1337.48,3,4,4,344,11,Loyal Customers
12398,2011-10-25 10:27:00,45,1,1635.66,3,4,4,344,11,Loyal Customers
15656,2011-10-25 14:56:00,45,1,748.50,3,3,3,333,9,Loyal Customers
14001,2011-10-25 10:31:00,45,1,2043.08,3,4,4,344,11,Loyal Customers
13182,2011-10-25 13:46:00,45,1,121.18,3,1,1,311,5,Lost
16708,2011-10-25 12:20:00,45,1,656.63,3,3,3,333,9,Loyal Customers
14341,2011-10-25 15:48:00,45,1,2182.28,3,5,5,355,13,Loyal Customers
13481,2011-10-25 09:07:00,45,1,1804.56,3,4,4,344,11,Loyal Customers
15158,2011-10-25 13:53:00,45,1,401.40,3,2,2,322,7,Lost
15630,2011-10-25 15:36:00,45,1,1186.35,3,4,4,344,11,Loyal Customers
13601,2011-10-25 17:31:00,45,1,693.32,3,3,3,333,9,Loyal Customers
13652,2011-10-25 08:51:00,45,1,1095.08,3,4,4,344,11,Loyal Customers
16258,2011-10-25 13:30:00,45,1,5203.51,3,5,5,355,13,Loyal Customers
17024,2011-10-25 13:47:00,45,1,95.85,3,1,1,311,5,Lost
17917,2011-10-25 13:20:00,45,1,341.28,3,2,2,322,7,Lost
17928,2011-10-25 13:52:00,45,1,212.54,3,1,1,311,5,Lost
15345,2011-10-25 11:28:00,45,1,393.54,3,2,2,322,7,Lost
13340,2011-10-25 13:15:00,45,1,10736.48,3,5,5,355,13,Loyal Customers
16056,2011-10-25 15:19:00,45,1,664.85,3,3,3,333,9,Loyal Customers
18079,2011-10-25 15:27:00,45,1,3651.97,3,5,5,355,13,Loyal Customers
18045,2011-10-25 13:07:00,45,1,189.40,3,1,1,311,5,Lost
17712,2011-10-26 12:28:00,44,1,522.91,3,3,3,333,9,Loyal Customers
13107,2011-10-26 14:52:00,44,1,1531.62,3,4,4,344,11,Loyal Customers
14379,2011-10-26 16:43:00,44,1,348.10,3,2,2,322,7,Lost
12448,2011-10-26 13:46:00,44,1,449.45,3,2,2,322,7,Lost
16415,2011-10-26 13:35:00,44,1,210.35,3,1,1,311,5,Lost
16188,2011-10-26 12:19:00,44,1,981.86,3,4,4,344,11,Loyal Customers
12371,2011-10-26 10:16:00,44,1,1887.96,3,4,4,344,11,Loyal Customers
16454,2011-10-26 11:40:00,44,1,6.90,3,1,1,311,5,Lost
15320,2011-10-26 13:27:00,44,1,267.13,3,2,2,322,7,Lost
16418,2011-10-26 12:39:00,44,1,675.27,3,3,3,333,9,Loyal Customers
16071,2011-10-26 11:14:00,44,1,326.24,3,2,2,322,7,Lost
15835,2011-10-26 15:47:00,44,1,954.09,3,4,4,344,11,Loyal Customers
16208,2011-10-26 11:36:00,44,1,664.26,3,3,3,333,9,Loyal Customers
16225,2011-10-26 08:30:00,44,1,1096.32,3,4,4,344,11,Loyal Customers
15240,2011-10-26 09:50:00,44,1,1706.57,3,4,4,344,11,Loyal Customers
17175,2011-10-26 15:31:00,44,1,1443.69,3,4,4,344,11,Loyal Customers
14315,2011-10-26 12:06:00,44,1,2481.13,3,5,5,355,13,Loyal Customers
17470,2011-10-26 12:42:00,44,1,1125.07,3,4,4,344,11,Loyal Customers
12456,2011-10-26 14:41:00,44,1,3181.04,3,5,5,355,13,Loyal Customers
15516,2011-10-26 10:51:00,44,1,62.43,3,1,1,311,5,Lost
18226,2011-10-26 13:36:00,44,1,5228.05,3,5,5,355,13,Loyal Customers
15821,2011-10-26 15:48:00,44,1,570.96,3,3,3,333,9,Loyal Customers
14754,2011-10-26 12:01:00,44,1,638.05,3,3,3,333,9,Loyal Customers
14690,2011-10-26 15:39:00,44,1,371.70,3,2,2,322,7,Lost
12879,2011-10-26 12:24:00,44,1,573.22,3,3,3,333,9,Loyal Customers
16345,2011-10-26 16:03:00,44,1,575.41,3,3,3,333,9,Loyal Customers
14598,2011-10-26 13:19:00,44,1,221.97,3,1,1,311,5,Lost
12812,2011-10-26 09:54:00,44,1,229.64,3,1,1,311,5,Lost
17895,2011-10-26 17:00:00,44,1,98.00,3,1,1,311,5,Lost
15990,2011-10-26 15:58:00,44,1,792.11,3,3,3,333,9,Loyal Customers
16750,2011-10-26 12:48:00,44,1,623.93,3,3,3,333,9,Loyal Customers
13654,2011-10-27 16:24:00,43,1,2707.33,3,5,5,355,13,Loyal Customers
18261,2011-10-27 15:36:00,43,1,324.24,3,2,2,322,7,Lost
14004,2011-10-27 14:40:00,43,1,4582.64,3,5,5,355,13,Loyal Customers
17459,2011-10-27 13:25:00,43,1,657.30,3,3,3,333,9,Loyal Customers
18276,2011-10-27 10:54:00,43,1,335.86,3,2,2,322,7,Lost
12536,2011-10-27 14:20:00,43,1,12601.83,3,5,5,355,13,Loyal Customers
15014,2011-10-27 20:07:00,43,1,260.17,3,2,2,322,7,Lost
14716,2011-10-27 17:29:00,43,1,329.68,3,2,2,322,7,Lost
14842,2011-10-27 12:37:00,43,1,2824.69,3,5,5,355,13,Loyal Customers
14239,2011-10-27 14:40:00,43,1,2380.85,3,5,5,355,13,Loyal Customers
14357,2011-10-27 16:23:00,43,1,225.77,3,1,1,311,5,Lost
15791,2011-10-27 10:14:00,43,1,1612.69,3,4,4,344,11,Loyal Customers
13538,2011-10-27 16:34:00,43,1,1280.85,3,4,4,344,11,Loyal Customers
17414,2011-10-27 12:13:00,43,1,778.00,3,3,3,333,9,Loyal Customers
16847,2011-10-27 13:29:00,43,1,193.44,3,1,1,311,5,Lost
14752,2011-10-27 11:55:00,43,1,389.64,3,2,2,322,7,Lost
16680,2011-10-27 17:35:00,43,1,183.70,3,1,1,311,5,Lost
12430,2011-10-27 15:09:00,43,1,256.40,3,2,2,322,7,Lost
17545,2011-10-27 14:04:00,43,1,645.96,3,3,3,333,9,Loyal Customers
17684,2011-10-27 11:10:00,43,1,239.41,3,1,1,311,5,Lost
17878,2011-10-27 11:24:00,43,1,379.45,3,2,2,322,7,Lost
13416,2011-10-27 08:56:00,43,1,712.50,3,3,3,333,9,Loyal Customers
15659,2011-10-27 09:23:00,43,1,306.45,3,2,2,322,7,Lost
16232,2011-10-27 12:16:00,43,1,990.88,3,4,4,344,11,Loyal Customers
15622,2011-10-27 16:44:00,43,1,3709.56,3,5,5,355,13,Loyal Customers
16026,2011-10-27 13:53:00,43,1,236.09,3,1,1,311,5,Lost
15288,2011-10-27 16:58:00,43,1,2306.52,3,5,5,355,13,Loyal Customers
14738,2011-10-28 08:56:00,42,1,1314.45,3,4,4,344,11,Loyal Customers
14221,2011-10-28 13:42:00,42,1,3432.80,3,5,5,355,13,Loyal Customers
17669,2011-10-28 08:53:00,42,1,3406.72,3,5,5,355,13,Loyal Customers
15096,2011-10-28 10:27:00,42,1,219.39,3,1,1,311,5,Lost
12678,2011-10-28 13:04:00,42,1,17628.46,3,5,5,355,13,Loyal Customers
17839,2011-10-28 17:27:00,42,1,338.80,3,2,2,322,7,Lost
14412,2011-10-28 10:45:00,42,1,770.03,3,3,3,333,9,Loyal Customers
17837,2011-10-28 16:13:00,42,1,1593.38,3,4,4,344,11,Loyal Customers
16648,2011-10-28 08:58:00,42,1,290.66,3,2,2,322,7,Lost
12432,2011-10-28 11:43:00,42,1,5059.32,3,5,5,355,13,Loyal Customers
12895,2011-10-28 13:51:00,42,1,372.80,3,2,2,322,7,Lost
16554,2011-10-28 14:51:00,42,1,837.10,3,3,3,333,9,Loyal Customers
13812,2011-10-28 14:27:00,42,1,539.00,3,3,3,333,9,Loyal Customers
18287,2011-10-28 09:29:00,42,1,1837.28,3,4,4,344,11,Loyal Customers
16102,2011-10-28 13:19:00,42,1,1842.14,3,4,4,344,11,Loyal Customers
16843,2011-10-28 09:06:00,42,1,10196.57,3,5,5,355,13,Loyal Customers
17418,2011-10-28 13:00:00,42,1,463.46,3,2,2,322,7,Lost
14218,2011-10-28 10:00:00,42,1,169.48,3,1,1,311,5,Lost
14498,2011-10-28 12:09:00,42,1,1957.32,3,4,4,344,11,Loyal Customers
17272,2011-10-28 16:37:00,42,1,2148.63,3,5,5,355,13,Loyal Customers
14232,2011-10-28 11:09:00,42,1,2048.07,3,4,4,344,11,Loyal Customers
16150,2011-10-28 12:39:00,42,1,2053.02,3,4,4,344,11,Loyal Customers
13993,2011-10-28 09:06:00,42,1,3466.36,3,5,5,355,13,Loyal Customers
15669,2011-10-30 16:03:00,40,1,684.34,3,3,3,333,9,Loyal Customers
14040,2011-10-30 12:42:00,40,1,3614.92,3,5,5,355,13,Loyal Customers
14810,2011-10-30 11:19:00,40,1,2087.88,3,5,5,355,13,Loyal Customers
15521,2011-10-30 13:42:00,40,1,3000.20,3,5,5,355,13,Loyal Customers
15860,2011-10-30 11:25:00,40,1,977.21,3,4,4,344,11,Loyal Customers
15385,2011-10-30 15:11:00,40,1,316.88,3,2,2,322,7,Lost
16190,2011-10-30 15:59:00,40,1,215.08,3,1,1,311,5,Lost
15376,2011-10-30 15:04:00,40,1,1233.36,3,4,4,344,11,Loyal Customers
17372,2011-10-30 11:37:00,40,1,1342.68,3,4,4,344,11,Loyal Customers
18067,2011-10-30 15:58:00,40,1,396.33,3,2,2,322,7,Lost
15708,2011-10-30 10:54:00,40,1,3364.24,3,5,5,355,13,Loyal Customers
15748,2011-10-30 12:51:00,40,1,149.31,3,1,1,311,5,Lost
14077,2011-10-30 12:35:00,40,1,499.42,3,3,3,333,9,Loyal Customers
16235,2011-10-30 10:56:00,40,1,867.31,3,3,3,333,9,Loyal Customers
14179,2011-10-30 12:07:00,40,1,719.78,3,3,3,333,9,Loyal Customers
17796,2011-10-30 15:38:00,40,1,697.90,3,3,3,333,9,Loyal Customers
13607,2011-10-30 16:17:00,40,1,678.01,3,3,3,333,9,Loyal Customers
13421,2011-10-30 14:21:00,40,1,1851.08,3,4,4,344,11,Loyal Customers
17213,2011-10-30 14:53:00,40,1,2781.23,3,5,5,355,13,Loyal Customers
15370,2011-10-30 10:58:00,40,1,2386.05,3,5,5,355,13,Loyal Customers
15865,2011-10-30 12:43:00,40,1,895.13,3,3,3,333,9,Loyal Customers
16049,2011-10-30 13:19:00,40,1,1111.79,3,4,4,344,11,Loyal Customers
13566,2011-10-30 11:59:00,40,1,874.71,3,3,3,333,9,Loyal Customers
17609,2011-10-30 12:28:00,40,1,1112.22,3,4,4,344,11,Loyal Customers
14158,2011-10-30 15:08:00,40,1,507.66,3,3,3,333,9,Loyal Customers
14295,2011-10-30 15:50:00,40,1,166.20,3,1,1,311,5,Lost
17255,2011-10-30 12:18:00,40,1,298.41,3,2,2,322,7,Lost
14582,2011-10-30 11:56:00,40,1,114.11,3,1,1,311,5,Lost
15059,2011-10-30 11:35:00,40,1,1337.72,3,4,4,344,11,Loyal Customers
17018,2011-10-30 11:42:00,40,1,920.10,3,3,3,333,9,Loyal Customers
17447,2011-10-30 14:18:00,40,1,541.53,3,3,3,333,9,Loyal Customers
13278,2011-10-30 11:49:00,40,1,542.73,3,3,3,333,9,Loyal Customers
13617,2011-10-30 13:50:00,40,1,544.18,3,3,3,333,9,Loyal Customers
13524,2011-10-30 12:34:00,40,1,680.18,3,3,3,333,9,Loyal Customers
15478,2011-10-30 14:19:00,40,1,1441.42,3,4,4,344,11,Loyal Customers
16601,2011-10-30 11:09:00,40,1,244.80,3,1,1,311,5,Lost
17373,2011-10-30 15:28:00,40,1,646.92,3,3,3,333,9,Loyal Customers
15360,2011-10-31 09:35:00,39,1,427.93,3,2,2,322,7,Lost
15329,2011-10-31 15:36:00,39,1,1049.70,3,4,4,344,11,Loyal Customers
12588,2011-10-31 15:01:00,39,1,214.90,3,1,1,311,5,Lost
15667,2011-10-31 10:56:00,39,1,301.32,3,2,2,322,7,Lost
14808,2011-10-31 12:21:00,39,1,2741.17,3,5,5,355,13,Loyal Customers
13145,2011-10-31 12:45:00,39,1,618.52,3,3,3,333,9,Loyal Customers
15974,2011-10-31 13:13:00,39,1,3442.15,3,5,5,355,13,Loyal Customers
15752,2011-10-31 11:37:00,39,1,2637.38,3,5,5,355,13,Loyal Customers
17951,2011-10-31 12:30:00,39,1,1008.54,3,4,4,344,11,Loyal Customers
14167,2011-10-31 14:29:00,39,1,574.84,3,3,3,333,9,Loyal Customers
13544,2011-10-31 11:57:00,39,1,291.41,3,2,2,322,7,Lost
12581,2011-10-31 08:56:00,39,1,197.71,3,1,1,311,5,Lost
12909,2011-10-31 12:43:00,39,1,2178.67,3,5,5,355,13,Loyal Customers
12522,2011-10-31 15:30:00,39,1,192.72,3,1,1,311,5,Lost
16969,2011-10-31 13:12:00,39,1,650.41,3,3,3,333,9,Loyal Customers
16018,2011-10-31 14:13:00,39,1,408.90,3,2,2,322,7,Lost
13186,2011-10-31 11:40:00,39,1,1575.89,3,4,4,344,11,Loyal Customers
13982,2011-10-31 16:24:00,39,1,1871.81,3,4,4,344,11,Loyal Customers
16127,2011-10-31 13:58:00,39,1,656.25,3,3,3,333,9,Loyal Customers
13813,2011-10-31 10:38:00,39,1,1366.86,3,4,4,344,11,Loyal Customers
13103,2011-10-31 09:38:00,39,1,243.94,3,1,1,311,5,Lost
17396,2011-10-31 14:12:00,39,1,7330.80,3,5,5,355,13,Loyal Customers
12571,2011-10-31 10:19:00,39,1,519.61,3,3,3,333,9,Loyal Customers
18257,2011-10-31 14:48:00,39,1,2337.63,3,5,5,355,13,Loyal Customers
16836,2011-10-31 10:05:00,39,1,251.87,3,2,2,322,7,Lost
16029,2011-11-01 10:27:00,38,1,81024.84,3,5,5,355,13,Loyal Customers
14995,2011-11-01 11:39:00,38,1,233.23,3,1,1,311,5,Lost
15018,2011-11-01 12:47:00,38,1,496.21,3,3,3,333,9,Loyal Customers
15423,2011-11-01 14:01:00,38,1,43.50,3,1,1,311,5,Lost
13292,2011-11-01 10:04:00,38,1,578.94,3,3,3,333,9,Loyal Customers
12552,2011-11-01 10:02:00,38,1,437.82,3,2,2,322,7,Lost
16960,2011-11-01 11:35:00,38,1,507.05,3,3,3,333,9,Loyal Customers
17696,2011-11-01 13:43:00,38,1,2285.71,3,5,5,355,13,Loyal Customers
13327,2011-11-01 10:21:00,38,1,3627.77,3,5,5,355,13,Loyal Customers
12674,2011-11-01 12:12:00,38,1,1970.60,3,4,4,344,11,Loyal Customers
13697,2011-11-01 09:14:00,38,1,151.30,3,1,1,311,5,Lost
15847,2011-11-01 14:41:00,38,1,389.27,3,2,2,322,7,Lost
14383,2011-11-01 15:53:00,38,1,1247.69,3,4,4,344,11,Loyal Customers
13726,2011-11-01 10:49:00,38,1,1079.66,3,4,4,344,11,Loyal Customers
13461,2011-11-01 09:01:00,38,1,1445.00,3,4,4,344,11,Loyal Customers
12491,2011-11-01 12:18:00,38,1,460.40,3,2,2,322,7,Lost
16825,2011-11-01 11:51:00,38,1,775.18,3,3,3,333,9,Loyal Customers
14485,2011-11-01 12:25:00,38,1,165.75,3,1,1,311,5,Lost
17166,2011-11-01 09:46:00,38,1,206.34,3,1,1,311,5,Lost
14345,2011-11-01 09:51:00,38,1,108.98,3,1,1,311,5,Lost
16729,2011-11-01 14:29:00,38,1,7239.92,3,5,5,355,13,Loyal Customers
16971,2011-11-01 15:06:00,38,1,357.21,3,2,2,322,7,Lost
17733,2011-11-01 08:16:00,38,1,692.19,3,3,3,333,9,Loyal Customers
16830,2011-11-01 11:35:00,38,1,325.91,3,2,2,322,7,Lost
18270,2011-11-01 13:57:00,38,1,283.15,3,2,2,322,7,Lost
17800,2011-11-02 12:57:00,37,1,1199.01,3,4,4,344,11,Loyal Customers
13477,2011-11-02 12:04:00,37,1,1454.58,3,4,4,344,11,Loyal Customers
16308,2011-11-02 11:24:00,37,1,2560.00,3,5,5,355,13,Loyal Customers
13904,2011-11-02 13:41:00,37,1,332.64,3,2,2,322,7,Lost
14528,2011-11-02 17:09:00,37,1,364.22,3,2,2,322,7,Lost
13271,2011-11-02 14:31:00,37,1,217.38,3,1,1,311,5,Lost
12779,2011-11-02 11:43:00,37,1,3981.36,3,5,5,355,13,Loyal Customers
18104,2011-11-02 14:07:00,37,1,754.64,3,3,3,333,9,Loyal Customers
14974,2011-11-02 13:01:00,37,1,114.39,3,1,1,311,5,Lost
16747,2011-11-02 11:37:00,37,1,836.06,3,3,3,333,9,Loyal Customers
18105,2011-11-02 12:04:00,37,1,113.48,3,1,1,311,5,Lost
17999,2011-11-02 15:56:00,37,1,382.06,3,2,2,322,7,Lost
17719,2011-11-02 10:36:00,37,1,5396.04,3,5,5,355,13,Loyal Customers
15275,2011-11-02 11:20:00,37,1,615.14,3,3,3,333,9,Loyal Customers
16043,2011-11-02 12:50:00,37,1,773.99,3,3,3,333,9,Loyal Customers
16706,2011-11-02 13:50:00,37,1,531.35,3,3,3,333,9,Loyal Customers
13316,2011-11-02 13:40:00,37,1,5977.73,3,5,5,355,13,Loyal Customers
17966,2011-11-02 10:26:00,37,1,1098.43,3,4,4,344,11,Loyal Customers
12594,2011-11-02 12:20:00,37,1,3338.22,3,5,5,355,13,Loyal Customers
18164,2011-11-02 12:56:00,37,1,399.65,3,2,2,322,7,Lost
16014,2011-11-02 12:04:00,37,1,662.38,3,3,3,333,9,Loyal Customers
17947,2011-11-02 13:05:00,37,1,176.68,3,1,1,311,5,Lost
12830,2011-11-02 11:54:00,37,1,6814.64,3,5,5,355,13,Loyal Customers
17965,2011-11-02 09:31:00,37,1,2622.57,3,5,5,355,13,Loyal Customers
16367,2011-11-02 13:13:00,37,1,804.49,3,3,3,333,9,Loyal Customers
15065,2011-11-02 09:45:00,37,1,3158.13,3,5,5,355,13,Loyal Customers
15830,2011-11-02 10:40:00,37,1,576.00,3,3,3,333,9,Loyal Customers
15576,2011-11-02 12:03:00,37,1,940.67,3,3,3,333,9,Loyal Customers
16884,2011-11-02 11:52:00,37,1,429.84,3,2,2,322,7,Lost
16409,2011-11-03 16:45:00,36,1,2028.88,3,4,4,344,11,Loyal Customers
13168,2011-11-03 12:56:00,36,1,1319.19,3,4,4,344,11,Loyal Customers
12544,2011-11-03 16:15:00,36,1,372.70,3,2,2,322,7,Lost
18081,2011-11-03 16:30:00,36,1,343.45,3,2,2,322,7,Lost
15551,2011-11-03 12:37:00,36,1,436.06,3,2,2,322,7,Lost
15612,2011-11-03 14:52:00,36,1,195.15,3,1,1,311,5,Lost
15998,2011-11-03 12:45:00,36,1,3089.97,3,5,5,355,13,Loyal Customers
17816,2011-11-03 11:34:00,36,1,36.56,3,1,1,311,5,Lost
14636,2011-11-03 16:12:00,36,1,609.85,3,3,3,333,9,Loyal Customers
13721,2011-11-03 14:05:00,36,1,524.14,3,3,3,333,9,Loyal Customers
13728,2011-11-03 10:49:00,36,1,1016.14,3,4,4,344,11,Loyal Customers
12808,2011-11-03 10:05:00,36,1,483.65,3,2,2,322,7,Lost
17634,2011-11-03 13:09:00,36,1,2361.97,3,5,5,355,13,Loyal Customers
12352,2011-11-03 14:37:00,36,1,2506.04,3,5,5,355,13,Loyal Customers
16221,2011-11-03 11:43:00,36,1,864.86,3,3,3,333,9,Loyal Customers
17653,2011-11-03 12:46:00,36,1,1207.56,3,4,4,344,11,Loyal Customers
15651,2011-11-03 08:41:00,36,1,646.30,3,3,3,333,9,Loyal Customers
15252,2011-11-03 13:30:00,36,1,740.78,3,3,3,333,9,Loyal Customers
17078,2011-11-03 19:17:00,36,1,378.20,3,2,2,322,7,Lost
17351,2011-11-03 18:45:00,36,1,587.15,3,3,3,333,9,Loyal Customers
14856,2011-11-03 14:53:00,36,1,1311.38,3,4,4,344,11,Loyal Customers
17403,2011-11-03 15:18:00,36,1,281.62,3,2,2,322,7,Lost
16914,2011-11-03 15:27:00,36,1,208.46,3,1,1,311,5,Lost
13324,2011-11-03 16:28:00,36,1,7121.95,3,5,5,355,13,Loyal Customers
15227,2011-11-03 11:59:00,36,1,1219.40,3,4,4,344,11,Loyal Customers
17076,2011-11-03 17:53:00,36,1,841.08,3,3,3,333,9,Loyal Customers
18205,2011-11-03 13:22:00,36,1,517.36,3,3,3,333,9,Loyal Customers
16337,2011-11-03 10:03:00,36,1,151.05,3,1,1,311,5,Lost
15605,2011-11-03 14:17:00,36,1,1198.23,3,4,4,344,11,Loyal Customers
15809,2011-11-03 16:40:00,36,1,515.77,3,3,3,333,9,Loyal Customers
14098,2011-11-03 10:13:00,36,1,147.35,3,1,1,311,5,Lost
14815,2011-11-03 11:36:00,36,1,778.50,3,3,3,333,9,Loyal Customers
16841,2011-11-03 11:51:00,36,1,1869.82,3,4,4,344,11,Loyal Customers
17442,2011-11-03 09:17:00,36,1,2248.56,3,5,5,355,13,Loyal Customers
13636,2011-11-03 10:30:00,36,1,949.12,3,4,4,344,11,Loyal Customers
16602,2011-11-03 15:54:00,36,1,528.08,3,3,3,333,9,Loyal Customers
18022,2011-11-04 12:45:00,35,1,668.11,3,3,3,333,9,Loyal Customers
12944,2011-11-04 11:04:00,35,1,604.51,3,3,3,333,9,Loyal Customers
17233,2011-11-04 14:06:00,35,1,190.88,3,1,1,311,5,Lost
17979,2011-11-04 12:05:00,35,1,757.71,3,3,3,333,9,Loyal Customers
17703,2011-11-04 15:51:00,35,1,798.74,3,3,3,333,9,Loyal Customers
14913,2011-11-04 08:29:00,35,1,1227.43,3,4,4,344,11,Loyal Customers
14592,2011-11-04 16:35:00,35,1,570.46,3,3,3,333,9,Loyal Customers
17274,2011-11-04 13:16:00,35,1,111.98,3,1,1,311,5,Lost
16555,2011-11-04 14:31:00,35,1,285.89,3,2,2,322,7,Lost
17193,2011-11-04 12:47:00,35,1,1699.30,3,4,4,344,11,Loyal Customers
18035,2011-11-04 12:39:00,35,1,730.40,3,3,3,333,9,Loyal Customers
15010,2011-11-04 12:42:00,35,1,308.94,3,2,2,322,7,Lost
14971,2011-11-04 17:07:00,35,1,1116.57,3,4,4,344,11,Loyal Customers
12397,2011-11-04 09:52:00,35,1,2409.90,3,5,5,355,13,Loyal Customers
12577,2011-11-04 13:24:00,35,1,657.80,3,3,3,333,9,Loyal Customers
16012,2011-11-04 13:25:00,35,1,1415.29,3,4,4,344,11,Loyal Customers
14150,2011-11-04 10:05:00,35,1,658.64,3,3,3,333,9,Loyal Customers
17930,2011-11-04 10:23:00,35,1,1740.48,3,4,4,344,11,Loyal Customers
13592,2011-11-04 09:49:00,35,1,247.96,3,1,1,311,5,Lost
12928,2011-11-04 14:24:00,35,1,2062.70,3,5,5,355,13,Loyal Customers
16318,2011-11-04 13:05:00,35,1,328.15,3,2,2,322,7,Lost
12431,2011-11-04 11:55:00,35,1,6487.45,3,5,5,355,13,Loyal Customers
13651,2011-11-04 14:59:00,35,1,94.20,3,1,1,311,5,Lost
15597,2011-11-04 13:26:00,35,1,324.57,3,2,2,322,7,Lost
12576,2011-11-04 10:11:00,35,1,1315.83,3,4,4,344,11,Loyal Customers
15722,2011-11-04 11:43:00,35,1,2222.56,3,5,5,355,13,Loyal Customers
17203,2011-11-04 12:27:00,35,1,3563.85,3,5,5,355,13,Loyal Customers
15707,2011-11-04 14:35:00,35,1,945.58,3,4,4,344,11,Loyal Customers
17084,2011-11-04 14:54:00,35,1,2949.75,3,5,5,355,13,Loyal Customers
16887,2011-11-04 14:07:00,35,1,194.88,3,1,1,311,5,Lost
13938,2011-11-04 14:37:00,35,1,71.66,3,1,1,311,5,Lost
12645,2011-11-06 12:38:00,33,1,1775.18,3,4,4,344,11,Loyal Customers
17608,2011-11-06 13:06:00,33,1,193.42,3,1,1,311,5,Lost
13759,2011-11-06 14:47:00,33,1,659.41,3,3,3,333,9,Loyal Customers
16357,2011-11-06 16:04:00,33,1,658.88,3,3,3,333,9,Loyal Customers
13365,2011-11-06 12:36:00,33,1,2225.37,3,5,5,355,13,Loyal Customers
14936,2011-11-06 10:30:00,33,1,8137.02,3,5,5,355,13,Loyal Customers
13155,2011-11-06 15:41:00,33,1,971.76,3,4,4,344,11,Loyal Customers
16243,2011-11-06 12:32:00,33,1,409.10,3,2,2,322,7,Lost
13634,2011-11-06 13:40:00,33,1,1575.16,3,4,4,344,11,Loyal Customers
14517,2011-11-06 14:20:00,33,1,330.45,3,2,2,322,7,Lost
12838,2011-11-06 12:20:00,33,1,683.13,3,3,3,333,9,Loyal Customers
13772,2011-11-06 11:43:00,33,1,1132.13,3,4,4,344,11,Loyal Customers
15025,2011-11-06 15:20:00,33,1,377.01,3,2,2,322,7,Lost
13532,2011-11-06 12:25:00,33,1,210.31,3,1,1,311,5,Lost
17107,2011-11-06 14:14:00,33,1,10815.43,3,5,5,355,13,Loyal Customers
13523,2011-11-06 15:11:00,33,1,3964.88,3,5,5,355,13,Loyal Customers
15513,2011-11-06 14:36:00,33,1,14758.22,3,5,5,355,13,Loyal Customers
15952,2011-11-06 11:18:00,33,1,806.57,3,3,3,333,9,Loyal Customers
18170,2011-11-06 14:35:00,33,1,980.31,3,4,4,344,11,Loyal Customers
16445,2011-11-06 12:32:00,33,1,230.51,3,1,1,311,5,Lost
14404,2011-11-06 12:30:00,33,1,1474.32,3,4,4,344,11,Loyal Customers
17831,2011-11-06 15:09:00,33,1,35.40,3,1,1,311,5,Lost
16372,2011-11-06 13:08:00,33,1,367.93,3,2,2,322,7,Lost
17082,2011-11-06 15:17:00,33,1,2003.85,3,4,4,344,11,Loyal Customers
15427,2011-11-06 14:29:00,33,1,1483.14,3,4,4,344,11,Loyal Customers
15696,2011-11-06 14:02:00,33,1,2736.46,3,5,5,355,13,Loyal Customers
16466,2011-11-06 11:35:00,33,1,1603.46,3,4,4,344,11,Loyal Customers
14174,2011-11-06 13:17:00,33,1,134.46,3,1,1,311,5,Lost
16676,2011-11-06 12:01:00,33,1,1592.12,3,4,4,344,11,Loyal Customers
12638,2011-11-06 13:11:00,33,1,671.69,3,3,3,333,9,Loyal Customers
14039,2011-11-06 13:48:00,33,1,152.20,3,1,1,311,5,Lost
16771,2011-11-06 13:28:00,33,1,2246.81,3,5,5,355,13,Loyal Customers
13527,2011-11-06 12:04:00,33,1,2287.51,3,5,5,355,13,Loyal Customers
15407,2011-11-06 11:55:00,33,1,1056.44,3,4,4,344,11,Loyal Customers
16488,2011-11-06 13:42:00,33,1,498.80,3,3,3,333,9,Loyal Customers
15839,2011-11-06 13:54:00,33,1,1048.49,3,4,4,344,11,Loyal Customers
15017,2011-11-06 10:33:00,33,1,125.58,3,1,1,311,5,Lost
12357,2011-11-06 16:07:00,33,1,6207.67,3,5,5,355,13,Loyal Customers
15526,2011-11-06 15:04:00,33,1,148.44,3,1,1,311,5,Lost
12472,2011-11-07 14:01:00,32,1,6572.11,3,5,5,355,13,Loyal Customers
13717,2011-11-07 14:13:00,32,1,1445.01,3,4,4,344,11,Loyal Customers
15330,2011-11-07 17:50:00,32,1,714.96,3,3,3,333,9,Loyal Customers
18150,2011-11-07 16:49:00,32,1,566.58,3,3,3,333,9,Loyal Customers
15785,2011-11-07 11:33:00,32,1,2328.97,3,5,5,355,13,Loyal Customers
14387,2011-11-07 12:29:00,32,1,1770.56,3,4,4,344,11,Loyal Customers
14073,2011-11-07 15:49:00,32,1,151.04,3,1,1,311,5,Lost
15870,2011-11-07 10:58:00,32,1,354.09,3,2,2,322,7,Lost
15719,2011-11-07 12:29:00,32,1,5045.61,3,5,5,355,13,Loyal Customers
15522,2011-11-07 11:26:00,32,1,398.84,3,2,2,322,7,Lost
16348,2011-11-07 15:44:00,32,1,1469.45,3,4,4,344,11,Loyal Customers
14700,2011-11-07 14:40:00,32,1,2235.30,3,5,5,355,13,Loyal Customers
18036,2011-11-07 14:40:00,32,1,405.62,3,2,2,322,7,Lost
17043,2011-11-07 15:33:00,32,1,1735.18,3,4,4,344,11,Loyal Customers
17430,2011-11-07 09:24:00,32,1,265.76,4,2,2,422,8,New Customers
16637,2011-11-07 13:17:00,32,1,1154.47,4,4,4,444,12,Champions
14623,2011-11-07 13:56:00,32,1,889.25,4,3,3,433,10,Loyal Customers
17623,2011-11-07 11:32:00,32,1,527.05,4,3,3,433,10,Loyal Customers
14080,2011-11-07 11:09:00,32,1,45.60,4,1,1,411,6,New Customers
13097,2011-11-07 10:43:00,32,1,6010.42,4,5,5,455,14,Champions
12832,2011-11-07 13:30:00,32,1,383.03,4,2,2,422,8,New Customers
15618,2011-11-07 08:34:00,32,1,776.85,4,3,3,433,10,Loyal Customers
16053,2011-11-07 11:21:00,32,1,1511.95,4,4,4,444,12,Champions
15493,2011-11-07 12:04:00,32,1,2001.80,4,4,4,444,12,Champions
17158,2011-11-07 15:15:00,32,1,1266.97,4,4,4,444,12,Champions
18016,2011-11-07 13:25:00,32,1,1483.56,4,4,4,444,12,Champions
12484,2011-11-07 11:37:00,32,1,4541.72,4,5,5,455,14,Champions
12408,2011-11-07 12:27:00,32,1,2888.55,4,5,5,455,14,Champions
13824,2011-11-07 12:41:00,32,1,1698.94,4,4,4,444,12,Champions
17164,2011-11-07 09:14:00,32,1,2467.35,4,5,5,455,14,Champions
16362,2011-11-07 13:01:00,32,1,734.77,4,3,3,433,10,Loyal Customers
14929,2011-11-07 17:21:00,32,1,223.88,4,1,1,411,6,New Customers
16612,2011-11-07 07:38:00,32,1,1187.66,4,4,4,444,12,Champions
17761,2011-11-07 10:23:00,32,1,712.78,4,3,3,433,10,Loyal Customers
17289,2011-11-08 12:01:00,31,1,944.41,4,4,4,444,12,Champions
13272,2011-11-08 14:00:00,31,1,276.56,4,2,2,422,8,New Customers
15153,2011-11-08 17:09:00,31,1,329.25,4,2,2,422,8,New Customers
13710,2011-11-08 08:16:00,31,1,180.48,4,1,1,411,6,New Customers
12990,2011-11-08 13:01:00,31,1,409.50,4,2,2,422,8,New Customers
15957,2011-11-08 12:14:00,31,1,428.89,4,2,2,422,8,New Customers
17964,2011-11-08 10:44:00,31,1,471.70,4,2,2,422,8,New Customers
18216,2011-11-08 16:55:00,31,1,481.75,4,2,2,422,8,New Customers
16863,2011-11-08 15:26:00,31,1,502.80,4,3,3,433,10,Loyal Customers
15406,2011-11-08 13:22:00,31,1,510.71,4,3,3,433,10,Loyal Customers
13643,2011-11-08 15:37:00,31,1,519.44,4,3,3,433,10,Loyal Customers
15043,2011-11-08 14:26:00,31,1,537.00,4,3,3,433,10,Loyal Customers
17637,2011-11-08 12:51:00,31,1,547.06,4,3,3,433,10,Loyal Customers
16732,2011-11-08 09:54:00,31,1,603.75,4,3,3,433,10,Loyal Customers
15573,2011-11-08 11:38:00,31,1,607.45,4,3,3,433,10,Loyal Customers
17515,2011-11-08 14:04:00,31,1,639.02,4,3,3,433,10,Loyal Customers
15103,2011-11-08 14:53:00,31,1,703.36,4,3,3,433,10,Loyal Customers
14050,2011-11-08 10:00:00,31,1,746.36,4,3,3,433,10,Loyal Customers
17219,2011-11-08 11:25:00,31,1,114.23,4,1,1,411,6,New Customers
16505,2011-11-08 12:14:00,31,1,777.60,4,3,3,433,10,Loyal Customers
13329,2011-11-08 10:29:00,31,1,789.00,4,3,3,433,10,Loyal Customers
16284,2011-11-08 16:12:00,31,1,823.97,4,3,3,433,10,Loyal Customers
17886,2011-11-08 10:09:00,31,1,899.61,4,3,3,433,10,Loyal Customers
13867,2011-11-08 15:48:00,31,1,1015.29,4,4,4,444,12,Champions
12849,2011-11-08 13:41:00,31,1,1050.89,4,4,4,444,12,Champions
15763,2011-11-08 09:44:00,31,1,1086.92,4,4,4,444,12,Champions
16639,2011-11-08 13:20:00,31,1,1257.51,4,4,4,444,12,Champions
17633,2011-11-08 13:25:00,31,1,1324.84,4,4,4,444,12,Champions
18177,2011-11-08 14:44:00,31,1,1341.42,4,4,4,444,12,Champions
13110,2011-11-08 14:30:00,31,1,1488.67,4,4,4,444,12,Champions
17022,2011-11-08 17:09:00,31,1,71.00,4,1,1,411,6,New Customers
15950,2011-11-08 11:09:00,31,1,1765.51,4,4,4,444,12,Champions
14524,2011-11-08 12:29:00,31,1,1867.68,4,4,4,444,12,Champions
14360,2011-11-08 09:12:00,31,1,2128.23,4,5,5,455,14,Champions
17313,2011-11-08 15:45:00,31,1,2328.84,4,5,5,455,14,Champions
13695,2011-11-08 14:26:00,31,1,2504.13,4,5,5,455,14,Champions
13975,2011-11-08 13:19:00,31,1,2526.28,4,5,5,455,14,Champions
14676,2011-11-08 13:29:00,31,1,2548.24,4,5,5,455,14,Champions
16618,2011-11-08 13:52:00,31,1,2647.59,4,5,5,455,14,Champions
12721,2011-11-08 12:13:00,31,1,2656.13,4,5,5,455,14,Champions
15356,2011-11-08 13:11:00,31,1,2766.50,4,5,5,455,14,Champions
16837,2011-11-08 14:27:00,31,1,3170.98,4,5,5,455,14,Champions
13047,2011-11-08 12:06:00,31,1,3237.54,4,5,5,455,14,Champions
17160,2011-11-08 14:05:00,31,1,3518.03,4,5,5,455,14,Champions
13381,2011-11-08 11:58:00,31,1,3639.31,4,5,5,455,14,Champions
15249,2011-11-08 11:45:00,31,1,6688.46,4,5,5,455,14,Champions
16187,2011-11-08 09:50:00,31,1,6911.44,4,5,5,455,14,Champions
16953,2011-11-09 15:54:00,30,1,20.80,4,1,1,411,6,New Customers
13029,2011-11-09 09:13:00,30,1,1247.50,4,4,4,444,12,Champions
15485,2011-11-09 14:31:00,30,1,2575.00,4,5,5,455,14,Champions
12893,2011-11-09 12:34:00,30,1,188.14,4,1,1,411,6,New Customers
15114,2011-11-09 15:05:00,30,1,2760.56,4,5,5,455,14,Champions
17867,2011-11-09 14:15:00,30,1,1197.10,4,4,4,444,12,Champions
15450,2011-11-09 17:11:00,30,1,429.84,4,2,2,422,8,New Customers
14188,2011-11-09 12:45:00,30,1,2054.36,4,4,4,444,12,Champions
14921,2011-11-09 13:17:00,30,1,1316.07,4,4,4,444,12,Champions
13522,2011-11-09 15:11:00,30,1,125.80,4,1,1,411,6,New Customers
13992,2011-11-09 15:23:00,30,1,76.80,4,1,1,411,6,New Customers
16751,2011-11-09 10:48:00,30,1,1764.72,4,4,4,444,12,Champions
18274,2011-11-09 17:03:00,30,1,175.92,4,1,1,411,6,New Customers
16880,2011-11-09 11:33:00,30,1,1519.08,4,4,4,444,12,Champions
16205,2011-11-09 09:32:00,30,1,761.38,4,3,3,433,10,Loyal Customers
13623,2011-11-09 12:00:00,30,1,747.78,4,3,3,433,10,Loyal Customers
13804,2011-11-09 12:32:00,30,1,2635.79,4,5,5,455,14,Champions
14214,2011-11-09 10:31:00,30,1,1004.38,4,4,4,444,12,Champions
14240,2011-11-09 13:45:00,30,1,890.34,4,3,3,433,10,Loyal Customers
17702,2011-11-09 16:03:00,30,1,1824.37,4,4,4,444,12,Champions
16516,2011-11-09 14:59:00,30,1,101.70,4,1,1,411,6,New Customers
13209,2011-11-09 13:54:00,30,1,5891.61,4,5,5,455,14,Champions
15986,2011-11-09 15:17:00,30,1,168.12,4,1,1,411,6,New Customers
12949,2011-11-09 11:25:00,30,1,4167.22,4,5,5,455,14,Champions
14108,2011-11-09 10:41:00,30,1,597.91,4,3,3,433,10,Loyal Customers
14284,2011-11-09 08:11:00,30,1,595.25,4,3,3,433,10,Loyal Customers
12532,2011-11-09 13:47:00,30,1,349.83,4,2,2,422,8,New Customers
16041,2011-11-09 12:25:00,30,1,3166.40,4,5,5,455,14,Champions
17011,2011-11-09 13:30:00,30,1,270.90,4,2,2,422,8,New Customers
17690,2011-11-09 15:17:00,30,1,4757.95,4,5,5,455,14,Champions
16767,2011-11-09 09:42:00,30,1,5580.60,4,5,5,455,14,Champions
17038,2011-11-09 13:50:00,30,1,112.40,4,1,1,411,6,New Customers
16996,2011-11-09 16:43:00,30,1,1456.96,4,4,4,444,12,Champions
13384,2011-11-09 11:04:00,30,1,4151.93,4,5,5,455,14,Champions
13046,2011-11-09 08:36:00,30,1,629.31,4,3,3,433,10,Loyal Customers
15027,2011-11-09 10:16:00,30,1,1066.15,4,4,4,444,12,Champions
14691,2011-11-09 12:30:00,30,1,2114.33,4,5,5,455,14,Champions
14968,2011-11-09 13:58:00,30,1,147.59,4,1,1,411,6,New Customers
17865,2011-11-09 12:08:00,30,1,10526.32,4,5,5,455,14,Champions
17340,2011-11-10 10:45:00,29,1,12353.29,4,5,5,455,14,Champions
18217,2011-11-10 13:18:00,29,1,621.75,4,3,3,433,10,Loyal Customers
15463,2011-11-10 12:57:00,29,1,126.14,4,1,1,411,6,New Customers
17537,2011-11-10 10:56:00,29,1,897.62,4,3,3,433,10,Loyal Customers
16434,2011-11-10 14:28:00,29,1,1522.25,4,4,4,444,12,Champions
12473,2011-11-10 13:46:00,29,1,3938.55,4,5,5,455,14,Champions
13460,2011-11-10 17:17:00,29,1,183.44,4,1,1,411,6,New Customers
15111,2011-11-10 16:58:00,29,1,1567.48,4,4,4,444,12,Champions
17791,2011-11-10 12:09:00,29,1,106.10,4,1,1,411,6,New Customers
17416,2011-11-10 12:47:00,29,1,6893.42,4,5,5,455,14,Champions
17521,2011-11-10 11:22:00,29,1,723.21,4,3,3,433,10,Loyal Customers
17109,2011-11-10 16:59:00,29,1,885.04,4,3,3,433,10,Loyal Customers
18236,2011-11-10 08:06:00,29,1,882.24,4,3,3,433,10,Loyal Customers
18125,2011-11-10 12:29:00,29,1,1142.99,4,4,4,444,12,Champions
13148,2011-11-10 15:23:00,29,1,3707.12,4,5,5,455,14,Champions
16126,2011-11-10 16:03:00,29,1,6287.77,4,5,5,455,14,Champions
14863,2011-11-10 15:04:00,29,1,266.76,4,2,2,422,8,New Customers
15452,2011-11-10 12:13:00,29,1,538.73,4,3,3,433,10,Loyal Customers
16791,2011-11-10 19:12:00,29,1,1721.78,4,4,4,444,12,Champions
15238,2011-11-10 14:28:00,29,1,1071.99,4,4,4,444,12,Champions
12844,2011-11-10 13:31:00,29,1,325.96,4,2,2,422,8,New Customers
17901,2011-11-10 17:29:00,29,1,110.38,4,1,1,411,6,New Customers
12659,2011-11-10 11:53:00,29,1,91.68,4,1,1,411,6,New Customers
17059,2011-11-10 12:27:00,29,1,3095.04,4,5,5,455,14,Champions
16986,2011-11-10 11:55:00,29,1,1873.20,4,4,4,444,12,Champions
16218,2011-11-10 09:59:00,29,1,3084.68,4,5,5,455,14,Champions
15289,2011-11-10 13:49:00,29,1,939.78,4,3,3,433,10,Loyal Customers
13983,2011-11-10 11:06:00,29,1,2603.43,4,5,5,455,14,Champions
16907,2011-11-10 18:04:00,29,1,981.65,4,4,4,444,12,Champions
14466,2011-11-10 14:07:00,29,1,2272.40,4,5,5,455,14,Champions
18135,2011-11-10 19:32:00,29,1,681.91,4,3,3,433,10,Loyal Customers
14064,2011-11-10 13:14:00,29,1,1353.74,4,4,4,444,12,Champions
12981,2011-11-10 12:00:00,29,1,372.22,4,2,2,422,8,New Customers
14829,2011-11-10 16:16:00,29,1,697.55,4,3,3,433,10,Loyal Customers
16743,2011-11-10 13:13:00,29,1,2238.09,4,5,5,455,14,Champions
13396,2011-11-10 16:59:00,29,1,1360.99,4,4,4,444,12,Champions
12541,2011-11-10 10:40:00,29,1,981.18,4,4,4,444,12,Champions
13817,2011-11-10 17:49:00,29,1,382.98,4,2,2,422,8,New Customers
17977,2011-11-10 13:28:00,29,1,288.14,4,2,2,422,8,New Customers
16903,2011-11-10 15:32:00,29,1,373.24,4,2,2,422,8,New Customers
15184,2011-11-10 13:41:00,29,1,406.76,4,2,2,422,8,New Customers
17573,2011-11-10 13:01:00,29,1,380.60,4,2,2,422,8,New Customers
16628,2011-11-10 12:45:00,29,1,2188.05,4,5,5,455,14,Champions
13606,2011-11-10 17:46:00,29,1,280.54,4,2,2,422,8,New Customers
14748,2011-11-10 18:33:00,29,1,1415.75,4,4,4,444,12,Champions
12538,2011-11-10 17:16:00,29,1,363.95,4,2,2,422,8,New Customers
14944,2011-11-10 09:10:00,29,1,5900.25,4,5,5,455,14,Champions
12599,2011-11-10 13:34:00,29,1,1032.58,4,4,4,444,12,Champions
12708,2011-11-10 09:52:00,29,1,2712.91,4,5,5,455,14,Champions
17197,2011-11-10 10:32:00,29,1,1013.01,4,4,4,444,12,Champions
14712,2011-11-10 12:59:00,29,1,917.07,4,3,3,433,10,Loyal Customers
14765,2011-11-10 19:53:00,29,1,254.11,4,2,2,422,8,New Customers
15355,2011-11-10 13:44:00,29,1,277.05,4,2,2,422,8,New Customers
16003,2011-11-10 09:57:00,29,1,2735.37,4,5,5,455,14,Champions
17932,2011-11-10 19:49:00,29,1,1331.57,4,4,4,444,12,Champions
12617,2011-11-10 14:39:00,29,1,355.53,4,2,2,422,8,New Customers
16025,2011-11-10 11:45:00,29,1,439.66,4,2,2,422,8,New Customers
15492,2011-11-11 14:53:00,28,1,659.46,4,3,3,433,10,Loyal Customers
12726,2011-11-11 13:35:00,28,1,2609.10,4,5,5,455,14,Champions
14226,2011-11-11 11:34:00,28,1,2232.19,4,5,5,455,14,Champions
17071,2011-11-11 16:31:00,28,1,2429.03,4,5,5,455,14,Champions
17052,2011-11-11 14:50:00,28,1,413.75,4,2,2,422,8,New Customers
17069,2011-11-11 17:13:00,28,1,2709.70,4,5,5,455,14,Champions
12691,2011-11-11 16:49:00,28,1,1035.80,4,4,4,444,12,Champions
16433,2011-11-11 14:09:00,28,1,184.26,4,1,1,411,6,New Customers
15692,2011-11-11 14:12:00,28,1,191.04,4,1,1,411,6,New Customers
18014,2011-11-11 15:28:00,28,1,166.42,4,1,1,411,6,New Customers
17191,2011-11-11 16:58:00,28,1,2095.13,4,5,5,455,14,Champions
16912,2011-11-11 12:18:00,28,1,2575.38,4,5,5,455,14,Champions
12685,2011-11-11 13:46:00,28,1,2863.08,4,5,5,455,14,Champions
17512,2011-11-11 12:11:00,28,1,2924.99,4,5,5,455,14,Champions
17088,2011-11-11 14:23:00,28,1,1991.01,4,4,4,444,12,Champions
13091,2011-11-11 15:54:00,28,1,345.82,4,2,2,422,8,New Customers
15557,2011-11-11 12:46:00,28,1,473.65,4,2,2,422,8,New Customers
15608,2011-11-11 13:20:00,28,1,1093.68,4,4,4,444,12,Champions
14789,2011-11-11 08:59:00,28,1,197.64,4,1,1,411,6,New Customers
13727,2011-11-11 09:46:00,28,1,333.48,4,2,2,422,8,New Customers
17015,2011-11-11 10:45:00,28,1,1842.56,4,4,4,444,12,Champions
13732,2011-11-11 15:49:00,28,1,491.86,4,3,3,433,10,Loyal Customers
12480,2011-11-11 14:52:00,28,1,3281.63,4,5,5,455,14,Champions
17162,2011-11-11 11:34:00,28,1,1715.46,4,4,4,444,12,Champions
16386,2011-11-11 12:28:00,28,1,317.20,4,2,2,422,8,New Customers
16671,2011-11-11 13:40:00,28,1,1692.27,4,4,4,444,12,Champions
17295,2011-11-11 10:49:00,28,1,556.95,4,3,3,433,10,Loyal Customers
13895,2011-11-11 16:57:00,28,1,2593.07,4,5,5,455,14,Champions
13310,2011-11-11 17:23:00,28,1,1132.03,4,4,4,444,12,Champions
14543,2011-11-11 12:45:00,28,1,3630.33,4,5,5,455,14,Champions
18209,2011-11-11 12:07:00,28,1,139.10,4,1,1,411,6,New Customers
16460,2011-11-11 13:46:00,28,1,814.72,4,3,3,433,10,Loyal Customers
13557,2011-11-11 15:24:00,28,1,584.06,4,3,3,433,10,Loyal Customers
12384,2011-11-11 08:39:00,28,1,585.27,4,3,3,433,10,Loyal Customers
16332,2011-11-11 14:22:00,28,1,1593.20,4,4,4,444,12,Champions
12517,2011-11-11 14:04:00,28,1,2502.84,4,5,5,455,14,Champions
13810,2011-11-11 08:33:00,28,1,1499.01,4,4,4,444,12,Champions
14662,2011-11-11 12:13:00,28,1,771.17,4,3,3,433,10,Loyal Customers
12589,2011-11-11 10:19:00,28,1,646.68,4,3,3,433,10,Loyal Customers
12697,2011-11-11 08:47:00,28,1,957.59,4,4,4,444,12,Champions
14035,2011-11-11 10:03:00,28,1,1428.02,4,4,4,444,12,Champions
12600,2011-11-11 10:29:00,28,1,2599.04,4,5,5,455,14,Champions
12712,2011-11-11 08:19:00,28,1,4396.13,4,5,5,455,14,Champions
17054,2011-11-11 12:56:00,28,1,1356.33,4,4,4,444,12,Champions
15787,2011-11-13 14:55:00,26,1,948.05,4,4,4,444,12,Champions
13892,2011-11-13 11:50:00,26,1,632.97,4,3,3,433,10,Loyal Customers
12867,2011-11-13 15:30:00,26,1,4036.82,4,5,5,455,14,Champions
16560,2011-11-13 10:35:00,26,1,841.41,4,3,3,433,10,Loyal Customers
17838,2011-11-13 11:20:00,26,1,2779.30,4,5,5,455,14,Champions
14882,2011-11-13 12:47:00,26,1,589.70,4,3,3,433,10,Loyal Customers
15411,2011-11-13 15:19:00,26,1,1358.88,4,4,4,444,12,Champions
14487,2011-11-13 12:17:00,26,1,1196.33,4,4,4,444,12,Champions
17720,2011-11-13 15:04:00,26,1,1195.94,4,4,4,444,12,Champions
14382,2011-11-13 16:18:00,26,1,626.07,4,3,3,433,10,Loyal Customers
17790,2011-11-13 11:30:00,26,1,1965.55,4,4,4,444,12,Champions
15429,2011-11-13 12:28:00,26,1,397.35,4,2,2,422,8,New Customers
17211,2011-11-13 12:03:00,26,1,2317.22,4,5,5,455,14,Champions
17041,2011-11-13 11:21:00,26,1,1081.57,4,4,4,444,12,Champions
16898,2011-11-13 15:44:00,26,1,508.81,4,3,3,433,10,Loyal Customers
16416,2011-11-13 12:50:00,26,1,1051.40,4,4,4,444,12,Champions
15449,2011-11-13 15:02:00,26,1,974.52,4,4,4,444,12,Champions
16726,2011-11-13 14:53:00,26,1,1382.02,4,4,4,444,12,Champions
13450,2011-11-13 11:54:00,26,1,2043.72,4,4,4,444,12,Champions
12865,2011-11-13 14:31:00,26,1,1568.23,4,4,4,444,12,Champions
13603,2011-11-13 15:57:00,26,1,164.34,4,1,1,411,6,New Customers
18069,2011-11-13 16:03:00,26,1,2036.67,4,4,4,444,12,Champions
13451,2011-11-13 15:58:00,26,1,2976.15,4,5,5,455,14,Champions
16930,2011-11-13 16:13:00,26,1,380.55,4,2,2,422,8,New Customers
16720,2011-11-13 16:22:00,26,1,155.24,4,1,1,411,6,New Customers
13984,2011-11-13 12:38:00,26,1,920.51,4,3,3,433,10,Loyal Customers
13178,2011-11-13 16:14:00,26,1,5725.47,4,5,5,455,14,Champions
12508,2011-11-13 15:37:00,26,1,398.27,4,2,2,422,8,New Customers
14227,2011-11-13 15:48:00,26,1,3350.96,4,5,5,455,14,Champions
13379,2011-11-13 13:45:00,26,1,572.56,4,3,3,433,10,Loyal Customers
13146,2011-11-13 15:29:00,26,1,228.91,4,1,1,411,6,New Customers
15599,2011-11-13 11:44:00,26,1,761.74,4,3,3,433,10,Loyal Customers
14044,2011-11-13 12:05:00,26,1,652.82,4,3,3,433,10,Loyal Customers
16571,2011-11-13 11:46:00,26,1,1421.69,4,4,4,444,12,Champions
14499,2011-11-13 13:01:00,26,1,815.32,4,3,3,433,10,Loyal Customers
13170,2011-11-13 12:19:00,26,1,116.01,4,1,1,411,6,New Customers
13700,2011-11-13 13:00:00,26,1,2265.12,4,5,5,455,14,Champions
14661,2011-11-13 11:51:00,26,1,107.95,4,1,1,411,6,New Customers
14784,2011-11-13 13:30:00,26,1,289.99,4,2,2,422,8,New Customers
17287,2011-11-13 13:27:00,26,1,1064.11,4,4,4,444,12,Champions
18082,2011-11-14 12:45:00,25,1,703.37,4,3,3,433,10,Loyal Customers
14862,2011-11-14 10:01:00,25,1,841.20,4,3,3,433,10,Loyal Customers
12428,2011-11-14 08:22:00,25,1,7956.46,4,5,5,455,14,Champions
17793,2011-11-14 14:24:00,25,1,323.04,4,2,2,422,8,New Customers
13835,2011-11-14 15:37:00,25,1,834.57,4,3,3,433,10,Loyal Customers
18117,2011-11-14 12:47:00,25,1,320.72,4,2,2,422,8,New Customers
14530,2011-11-14 10:38:00,25,1,2925.91,4,5,5,455,14,Champions
17235,2011-11-14 15:51:00,25,1,550.06,4,3,3,433,10,Loyal Customers
12374,2011-11-14 15:37:00,25,1,742.93,4,3,3,433,10,Loyal Customers
14494,2011-11-14 09:21:00,25,1,139.56,4,1,1,411,6,New Customers
13577,2011-11-14 15:19:00,25,1,1687.60,4,4,4,444,12,Champions
17652,2011-11-14 12:55:00,25,1,4867.72,4,5,5,455,14,Champions
16519,2011-11-14 15:41:00,25,1,215.08,4,1,1,411,6,New Customers
15168,2011-11-14 11:26:00,25,1,106.56,4,1,1,411,6,New Customers
12689,2011-11-14 08:31:00,25,1,1247.61,4,4,4,444,12,Champions
15458,2011-11-14 13:08:00,25,1,161.64,4,1,1,411,6,New Customers
15660,2011-11-14 16:58:00,25,1,1600.86,4,4,4,444,12,Champions
17658,2011-11-14 12:07:00,25,1,595.42,4,3,3,433,10,Loyal Customers
16303,2011-11-14 10:49:00,25,1,5360.63,4,5,5,455,14,Champions
15863,2011-11-14 12:49:00,25,1,68.84,4,1,1,411,6,New Customers
15532,2011-11-14 14:51:00,25,1,1580.93,4,4,4,444,12,Champions
18211,2011-11-14 08:10:00,25,1,600.07,4,3,3,433,10,Loyal Customers
12642,2011-11-14 15:03:00,25,1,1013.26,4,4,4,444,12,Champions
15125,2011-11-14 13:57:00,25,1,11528.48,4,5,5,455,14,Champions
17081,2011-11-14 12:56:00,25,1,290.16,4,2,2,422,8,New Customers
15365,2011-11-14 08:29:00,25,1,2314.32,4,5,5,455,14,Champions
12938,2011-11-14 11:21:00,25,1,114.14,4,1,1,411,6,New Customers
15058,2011-11-14 14:57:00,25,1,2124.99,4,5,5,455,14,Champions
13549,2011-11-14 09:20:00,25,1,918.20,4,3,3,433,10,Loyal Customers
15681,2011-11-14 16:30:00,25,1,1426.16,4,4,4,444,12,Champions
18263,2011-11-14 09:00:00,25,1,1213.16,4,4,4,444,12,Champions
17538,2011-11-14 12:12:00,25,1,98.42,4,1,1,411,6,New Customers
14680,2011-11-14 16:59:00,25,1,28754.11,4,5,5,455,14,Champions
14953,2011-11-14 14:59:00,25,1,289.82,4,2,2,422,8,New Customers
17044,2011-11-14 14:28:00,25,1,948.48,4,4,4,444,12,Champions
15291,2011-11-14 11:02:00,25,1,4668.30,4,5,5,455,14,Champions
16936,2011-11-14 11:04:00,25,1,262.68,4,2,2,422,8,New Customers
14684,2011-11-14 11:33:00,25,1,1236.28,4,4,4,444,12,Champions
15781,2011-11-14 14:57:00,25,1,345.46,4,2,2,422,8,New Customers
14902,2011-11-14 10:34:00,25,1,332.66,4,2,2,422,8,New Customers
16207,2011-11-14 13:51:00,25,1,394.38,4,2,2,422,8,New Customers
16504,2011-11-14 15:18:00,25,1,484.38,4,2,2,422,8,New Customers
15203,2011-11-14 08:16:00,25,1,1827.80,4,4,4,444,12,Champions
16478,2011-11-14 15:51:00,25,1,331.00,4,2,2,422,8,New Customers
17663,2011-11-14 08:56:00,25,1,1802.91,4,4,4,444,12,Champions
15050,2011-11-14 16:17:00,25,1,1782.09,4,4,4,444,12,Champions
14640,2011-11-15 13:07:00,24,1,2125.08,4,5,5,455,14,Champions
16423,2011-11-15 09:21:00,24,1,346.12,4,2,2,422,8,New Customers
15556,2011-11-15 16:08:00,24,1,279.77,4,2,2,422,8,New Customers
12883,2011-11-15 09:32:00,24,1,703.47,4,3,3,433,10,Loyal Customers
16240,2011-11-15 14:30:00,24,1,3718.80,4,5,5,455,14,Champions
14725,2011-11-15 12:42:00,24,1,718.08,4,3,3,433,10,Loyal Customers
14714,2011-11-15 13:07:00,24,1,160.19,4,1,1,411,6,New Customers
17510,2011-11-15 10:00:00,24,1,308.48,4,2,2,422,8,New Customers
14522,2011-11-15 13:24:00,24,1,974.54,4,4,4,444,12,Champions
17540,2011-11-15 11:56:00,24,1,578.90,4,3,3,433,10,Loyal Customers
13236,2011-11-15 12:50:00,24,1,744.85,4,3,3,433,10,Loyal Customers
12415,2011-11-15 14:22:00,24,1,124914.53,4,5,5,455,14,Champions
15758,2011-11-15 10:48:00,24,1,205.25,4,1,1,411,6,New Customers
16341,2011-11-15 09:12:00,24,1,1971.87,4,4,4,444,12,Champions
17153,2011-11-15 13:42:00,24,1,213.78,4,1,1,411,6,New Customers
18181,2011-11-15 15:08:00,24,1,382.80,4,2,2,422,8,New Customers
15981,2011-11-15 08:00:00,24,1,3408.48,4,5,5,455,14,Champions
15955,2011-11-15 14:15:00,24,1,4416.26,4,5,5,455,14,Champions
18043,2011-11-15 12:48:00,24,1,559.51,4,3,3,433,10,Loyal Customers
17777,2011-11-15 12:02:00,24,1,665.86,4,3,3,433,10,Loyal Customers
15582,2011-11-15 09:55:00,24,1,682.91,4,3,3,433,10,Loyal Customers
17220,2011-11-15 13:47:00,24,1,3198.25,4,5,5,455,14,Champions
16557,2011-11-15 14:04:00,24,1,281.85,4,2,2,422,8,New Customers
13846,2011-11-15 12:07:00,24,1,865.06,4,3,3,433,10,Loyal Customers
14533,2011-11-15 12:05:00,24,1,1949.72,4,4,4,444,12,Champions
14666,2011-11-15 12:57:00,24,1,195.25,4,1,1,411,6,New Customers
14715,2011-11-15 12:10:00,24,1,867.38,4,3,3,433,10,Loyal Customers
12933,2011-11-15 16:38:00,24,1,607.53,4,3,3,433,10,Loyal Customers
13410,2011-11-15 15:33:00,24,1,1003.06,4,4,4,444,12,Champions
13455,2011-11-15 11:21:00,24,1,1058.34,4,4,4,444,12,Champions
15524,2011-11-15 12:09:00,24,1,440.00,4,2,2,422,8,New Customers
15679,2011-11-15 16:19:00,24,1,781.28,4,3,3,433,10,Loyal Customers
13066,2011-11-15 12:57:00,24,1,470.80,4,2,2,422,8,New Customers
17974,2011-11-15 11:37:00,24,1,740.79,4,3,3,433,10,Loyal Customers
12890,2011-11-15 17:26:00,24,1,380.47,4,2,2,422,8,New Customers
15720,2011-11-15 14:48:00,24,1,598.73,4,3,3,433,10,Loyal Customers
14544,2011-11-15 15:06:00,24,1,2024.45,4,4,4,444,12,Champions
13058,2011-11-15 12:43:00,24,1,271.40,4,2,2,422,8,New Customers
13735,2011-11-15 11:14:00,24,1,2885.24,4,5,5,455,14,Champions
13692,2011-11-15 11:17:00,24,1,1488.32,4,4,4,444,12,Champions
18259,2011-11-15 12:34:00,24,1,2338.60,4,5,5,455,14,Champions
17564,2011-11-15 13:27:00,24,1,454.01,4,2,2,422,8,New Customers
18123,2011-11-15 14:23:00,24,1,589.44,4,3,3,433,10,Loyal Customers
13614,2011-11-15 14:47:00,24,1,1610.46,4,4,4,444,12,Champions
17357,2011-11-15 16:30:00,24,1,388.14,4,2,2,422,8,New Customers
12676,2011-11-15 12:25:00,24,1,1331.39,4,4,4,444,12,Champions
17314,2011-11-15 09:41:00,24,1,2527.92,4,5,5,455,14,Champions
13632,2011-11-15 10:51:00,24,1,2121.27,4,5,5,455,14,Champions
14853,2011-11-15 16:56:00,24,1,475.80,4,2,2,422,8,New Customers
15419,2011-11-15 09:23:00,24,1,135.86,4,1,1,411,6,New Customers
17596,2011-11-16 14:11:00,23,1,2827.93,4,5,5,455,14,Champions
16085,2011-11-16 13:24:00,23,1,981.51,4,4,4,444,12,Champions
12731,2011-11-16 11:59:00,23,1,18895.91,4,5,5,455,14,Champions
16809,2011-11-16 15:45:00,23,1,914.69,4,3,3,433,10,Loyal Customers
17896,2011-11-16 13:59:00,23,1,256.32,4,2,2,422,8,New Customers
13131,2011-11-16 13:21:00,23,1,1073.30,4,4,4,444,12,Champions
14948,2011-11-16 17:16:00,23,1,1101.97,4,4,4,444,12,Champions
13629,2011-11-16 13:21:00,23,1,7792.36,4,5,5,455,14,Champions
13447,2011-11-16 13:38:00,23,1,1129.14,4,4,4,444,12,Champions
15110,2011-11-16 11:16:00,23,1,996.10,4,4,4,444,12,Champions
13500,2011-11-16 15:35:00,23,1,1166.77,4,4,4,444,12,Champions
12640,2011-11-16 11:52:00,23,1,1174.58,4,4,4,444,12,Champions
12626,2011-11-16 16:06:00,23,1,6620.48,4,5,5,455,14,Champions
14057,2011-11-16 10:32:00,23,1,6217.96,4,5,5,455,14,Champions
13575,2011-11-16 13:14:00,23,1,732.07,4,3,3,433,10,Loyal Customers
15584,2011-11-16 10:55:00,23,1,725.11,4,3,3,433,10,Loyal Customers
15805,2011-11-16 16:32:00,23,1,5528.48,4,5,5,455,14,Champions
14898,2011-11-16 14:54:00,23,1,1303.52,4,4,4,444,12,Champions
17198,2011-11-16 10:39:00,23,1,692.22,4,3,3,433,10,Loyal Customers
13449,2011-11-16 08:28:00,23,1,291.88,4,2,2,422,8,New Customers
14286,2011-11-16 10:34:00,23,1,4628.75,4,5,5,455,14,Champions
16669,2011-11-16 12:26:00,23,1,1374.87,4,4,4,444,12,Champions
14507,2011-11-16 12:21:00,23,1,1383.18,4,4,4,444,12,Champions
18167,2011-11-16 15:56:00,23,1,1384.86,4,4,4,444,12,Champions
14426,2011-11-16 12:25:00,23,1,4481.67,4,5,5,455,14,Champions
15051,2011-11-16 15:38:00,23,1,1391.61,4,4,4,444,12,Champions
16245,2011-11-16 10:14:00,23,1,1413.66,4,4,4,444,12,Champions
12500,2011-11-16 16:20:00,23,1,4257.82,4,5,5,455,14,Champions
16469,2011-11-16 12:25:00,23,1,650.43,4,3,3,433,10,Loyal Customers
17377,2011-11-16 11:17:00,23,1,4100.92,4,5,5,455,14,Champions
13926,2011-11-16 13:16:00,23,1,223.85,4,1,1,411,6,New Customers
18059,2011-11-16 16:49:00,23,1,306.46,4,2,2,422,8,New Customers
16717,2011-11-16 12:16:00,23,1,3858.38,4,5,5,455,14,Champions
18246,2011-11-16 11:49:00,23,1,596.10,4,3,3,433,10,Loyal Customers
16916,2011-11-16 12:08:00,23,1,576.26,4,3,3,433,10,Loyal Customers
13816,2011-11-16 08:38:00,23,1,571.67,4,3,3,433,10,Loyal Customers
13939,2011-11-16 13:33:00,23,1,568.55,4,3,3,433,10,Loyal Customers
13894,2011-11-16 09:44:00,23,1,564.62,4,3,3,433,10,Loyal Customers
16804,2011-11-16 16:43:00,23,1,536.99,4,3,3,433,10,Loyal Customers
17549,2011-11-16 09:59:00,23,1,148.86,4,1,1,411,6,New Customers
14851,2011-11-16 14:20:00,23,1,511.35,4,3,3,433,10,Loyal Customers
12991,2011-11-16 15:34:00,23,1,503.76,4,3,3,433,10,Loyal Customers
16855,2011-11-16 12:03:00,23,1,328.40,4,2,2,422,8,New Customers
16999,2011-11-16 13:53:00,23,1,484.82,4,2,2,422,8,New Customers
16008,2011-11-16 10:32:00,23,1,478.78,4,2,2,422,8,New Customers
12910,2011-11-16 14:28:00,23,1,3075.04,4,5,5,455,14,Champions
17368,2011-11-16 15:26:00,23,1,1912.67,4,4,4,444,12,Champions
15900,2011-11-16 12:19:00,23,1,351.11,4,2,2,422,8,New Customers
18006,2011-11-16 16:52:00,23,1,444.68,4,2,2,422,8,New Customers
14626,2011-11-16 10:37:00,23,1,2791.27,4,5,5,455,14,Champions
15967,2011-11-16 15:41:00,23,1,418.83,4,2,2,422,8,New Customers
13285,2011-11-16 13:19:00,23,1,2709.12,4,5,5,455,14,Champions
12993,2011-11-16 15:49:00,23,1,414.76,4,2,2,422,8,New Customers
15432,2011-11-16 16:30:00,23,1,171.19,4,1,1,411,6,New Customers
15269,2011-11-16 09:32:00,23,1,408.80,4,2,2,422,8,New Customers
16204,2011-11-16 13:40:00,23,1,405.71,4,2,2,422,8,New Customers
18075,2011-11-16 15:21:00,23,1,2611.75,4,5,5,455,14,Champions
17680,2011-11-16 12:42:00,23,1,184.40,4,1,1,411,6,New Customers
12997,2011-11-17 15:47:00,22,1,1226.89,4,4,4,444,12,Champions
12567,2011-11-17 11:02:00,22,1,9401.28,4,5,5,455,14,Champions
15529,2011-11-17 11:29:00,22,1,3995.23,4,5,5,455,14,Champions
12481,2011-11-17 08:29:00,22,1,5596.32,4,5,5,455,14,Champions
15563,2011-11-17 14:50:00,22,1,1400.44,4,4,4,444,12,Champions
13313,2011-11-17 16:48:00,22,1,1555.32,4,4,4,444,12,Champions
13028,2011-11-17 11:10:00,22,1,661.32,4,3,3,433,10,Loyal Customers
12356,2011-11-17 08:40:00,22,1,2811.43,4,5,5,455,14,Champions
17461,2011-11-17 10:21:00,22,1,757.46,4,3,3,433,10,Loyal Customers
16871,2011-11-17 19:27:00,22,1,2812.34,4,5,5,455,14,Champions
16186,2011-11-17 12:43:00,22,1,4006.94,4,5,5,455,14,Champions
12477,2011-11-17 09:51:00,22,1,13219.74,4,5,5,455,14,Champions
17985,2011-11-17 14:24:00,22,1,634.95,4,3,3,433,10,Loyal Customers
16531,2011-11-17 16:29:00,22,1,1244.59,4,4,4,444,12,Champions
17716,2011-11-17 12:00:00,22,1,5655.99,4,5,5,455,14,Champions
14234,2011-11-17 17:53:00,22,1,775.46,4,3,3,433,10,Loyal Customers
14112,2011-11-17 12:30:00,22,1,2915.15,4,5,5,455,14,Champions
17799,2011-11-17 15:16:00,22,1,3055.93,4,5,5,455,14,Champions
15811,2011-11-17 15:31:00,22,1,2218.62,4,5,5,455,14,Champions
13138,2011-11-17 16:51:00,22,1,962.39,4,4,4,444,12,Champions
14362,2011-11-17 15:08:00,22,1,161.20,4,1,1,411,6,New Customers
12847,2011-11-17 13:16:00,22,1,871.54,4,3,3,433,10,Loyal Customers
14416,2011-11-17 15:22:00,22,1,490.22,4,2,2,422,8,New Customers
14332,2011-11-17 11:54:00,22,1,866.31,4,3,3,433,10,Loyal Customers
16009,2011-11-17 16:51:00,22,1,992.71,4,4,4,444,12,Champions
16638,2011-11-17 11:09:00,22,1,1680.72,4,4,4,444,12,Champions
14034,2011-11-17 14:02:00,22,1,651.82,4,3,3,433,10,Loyal Customers
15864,2011-11-17 13:32:00,22,1,1936.32,4,4,4,444,12,Champions
13160,2011-11-17 13:07:00,22,1,91.80,4,1,1,411,6,New Customers
17330,2011-11-17 08:56:00,22,1,363.90,4,2,2,422,8,New Customers
14508,2011-11-17 19:48:00,22,1,276.42,4,2,2,422,8,New Customers
16869,2011-11-17 12:02:00,22,1,825.42,4,3,3,433,10,Loyal Customers
12753,2011-11-17 10:52:00,22,1,21429.39,4,5,5,455,14,Champions
18221,2011-11-17 14:40:00,22,1,1041.61,4,4,4,444,12,Champions
12647,2011-11-17 12:56:00,22,1,3722.82,4,5,5,455,14,Champions
15287,2011-11-17 15:34:00,22,1,486.69,4,2,2,422,8,New Customers
17828,2011-11-17 08:41:00,22,1,1820.09,4,4,4,444,12,Champions
13871,2011-11-17 10:49:00,22,1,6403.25,4,5,5,455,14,Champions
17095,2011-11-17 12:21:00,22,1,1324.16,4,4,4,444,12,Champions
13815,2011-11-17 14:19:00,22,1,4027.36,4,5,5,455,14,Champions
13828,2011-11-17 16:02:00,22,1,209.49,4,1,1,411,6,New Customers
16656,2011-11-17 14:43:00,22,1,8625.80,4,5,5,455,14,Champions
17147,2011-11-17 12:32:00,22,1,1714.59,4,4,4,444,12,Champions
15267,2011-11-17 15:59:00,22,1,1717.36,4,4,4,444,12,Champions
12406,2011-11-17 19:22:00,22,1,3415.30,4,5,5,455,14,Champions
16042,2011-11-17 17:50:00,22,1,1197.27,4,4,4,444,12,Champions
16070,2011-11-17 15:50:00,22,1,852.15,4,3,3,433,10,Loyal Customers
12449,2011-11-17 13:46:00,22,1,4067.29,4,5,5,455,14,Champions
15435,2011-11-17 16:39:00,22,1,149.29,4,1,1,411,6,New Customers
15081,2011-11-17 17:08:00,22,1,504.80,4,3,3,433,10,Loyal Customers
17613,2011-11-17 10:51:00,22,1,4559.15,4,5,5,455,14,Champions
12610,2011-11-17 09:34:00,22,1,2099.54,4,5,5,455,14,Champions
13308,2011-11-17 09:31:00,22,1,1385.51,4,4,4,444,12,Champions
17397,2011-11-17 14:08:00,22,1,696.41,4,3,3,433,10,Loyal Customers
15657,2011-11-17 12:19:00,22,1,30.00,4,1,1,411,6,New Customers
12539,2011-11-17 13:30:00,22,1,5568.35,4,5,5,455,14,Champions
15983,2011-11-17 17:34:00,22,1,1475.02,4,4,4,444,12,Champions
16298,2011-11-17 11:59:00,22,1,598.20,4,3,3,433,10,Loyal Customers
15506,2011-11-17 12:11:00,22,1,979.26,4,4,4,444,12,Champions
17080,2011-11-17 12:59:00,22,1,287.62,4,2,2,422,8,New Customers
15489,2011-11-17 08:53:00,22,1,1134.28,4,4,4,444,12,Champions
12445,2011-11-17 18:43:00,22,1,133.40,4,1,1,411,6,New Customers
15124,2011-11-17 10:09:00,22,1,184.19,4,1,1,411,6,New Customers
17797,2011-11-17 13:21:00,22,1,780.43,4,3,3,433,10,Loyal Customers
17063,2011-11-18 16:19:00,21,1,1461.14,4,4,4,444,12,Champions
16293,2011-11-18 09:58:00,21,1,2248.99,4,5,5,455,14,Champions
12618,2011-11-18 11:10:00,21,1,177.31,4,1,1,411,6,New Customers
12444,2011-11-18 13:23:00,21,1,5005.46,4,5,5,455,14,Champions
15088,2011-11-18 13:14:00,21,1,1160.07,4,4,4,444,12,Champions
16511,2011-11-18 10:41:00,21,1,950.26,4,4,4,444,12,Champions
13962,2011-11-18 08:47:00,21,1,169.55,4,1,1,411,6,New Customers
12380,2011-11-18 11:27:00,21,1,2724.81,4,5,5,455,14,Champions
18061,2011-11-18 11:20:00,21,1,2119.41,4,5,5,455,14,Champions
14434,2011-11-18 08:56:00,21,1,1372.80,4,4,4,444,12,Champions
18034,2011-11-18 12:22:00,21,1,422.88,4,2,2,422,8,New Customers
13941,2011-11-18 09:43:00,21,1,5112.96,4,5,5,455,14,Champions
17621,2011-11-18 17:11:00,21,1,1379.90,4,4,4,444,12,Champions
12603,2011-11-18 10:42:00,21,1,739.20,4,3,3,433,10,Loyal Customers
14342,2011-11-18 13:21:00,21,1,668.56,4,3,3,433,10,Loyal Customers
17650,2011-11-18 14:52:00,21,1,166.08,4,1,1,411,6,New Customers
17163,2011-11-18 08:57:00,21,1,293.10,4,2,2,422,8,New Customers
13960,2011-11-18 15:27:00,21,1,230.22,4,1,1,411,6,New Customers
13516,2011-11-18 13:15:00,21,1,1389.41,4,4,4,444,12,Champions
14793,2011-11-18 14:50:00,21,1,228.99,4,1,1,411,6,New Customers
17904,2011-11-18 12:57:00,21,1,191.67,4,1,1,411,6,New Customers
12578,2011-11-18 13:30:00,21,1,2794.51,4,5,5,455,14,Champions
14903,2011-11-18 16:07:00,21,1,2810.63,4,5,5,455,14,Champions
17760,2011-11-18 10:56:00,21,1,287.59,4,2,2,422,8,New Customers
17779,2011-11-18 14:15:00,21,1,658.57,4,3,3,433,10,Loyal Customers
16945,2011-11-18 11:39:00,21,1,4345.50,4,5,5,455,14,Champions
15368,2011-11-18 14:42:00,21,1,446.94,4,2,2,422,8,New Customers
16463,2011-11-18 14:01:00,21,1,1422.40,4,4,4,444,12,Champions
12391,2011-11-18 12:07:00,21,1,460.89,4,2,2,422,8,New Customers
13094,2011-11-18 14:07:00,21,1,1927.32,4,4,4,444,12,Champions
14285,2011-11-18 14:50:00,21,1,1910.01,4,4,4,444,12,Champions
13171,2011-11-18 10:27:00,21,1,468.41,4,2,2,422,8,New Customers
12931,2011-11-18 12:39:00,21,1,42055.96,4,5,5,455,14,Champions
17301,2011-11-18 13:43:00,21,1,197.63,4,1,1,411,6,New Customers
15494,2011-11-18 14:51:00,21,1,1299.23,4,4,4,444,12,Champions
17286,2011-11-18 12:47:00,21,1,153.92,4,1,1,411,6,New Customers
15933,2011-11-18 13:14:00,21,1,1107.46,4,4,4,444,12,Champions
16924,2011-11-18 12:53:00,21,1,846.75,4,3,3,433,10,Loyal Customers
15530,2011-11-18 12:25:00,21,1,1502.35,4,4,4,444,12,Champions
12498,2011-11-18 12:53:00,21,1,403.70,4,2,2,422,8,New Customers
16279,2011-11-18 15:00:00,21,1,1509.58,4,4,4,444,12,Champions
13880,2011-11-18 13:44:00,21,1,3219.77,4,5,5,455,14,Champions
16134,2011-11-18 10:05:00,21,1,618.09,4,3,3,433,10,Loyal Customers
14593,2011-11-18 12:48:00,21,1,617.99,4,3,3,433,10,Loyal Customers
14641,2011-11-18 10:42:00,21,1,110.46,4,1,1,411,6,New Customers
14820,2011-11-18 15:41:00,21,1,507.29,4,3,3,433,10,Loyal Customers
16350,2011-11-18 15:53:00,21,1,1116.47,4,4,4,444,12,Champions
14849,2011-11-18 10:58:00,21,1,7930.54,4,5,5,455,14,Champions
16414,2011-11-18 09:42:00,21,1,126.25,4,1,1,411,6,New Customers
17961,2011-11-18 16:55:00,21,1,1296.44,4,4,4,444,12,Champions
13117,2011-11-18 12:02:00,21,1,984.91,4,4,4,444,12,Champions
17159,2011-11-18 10:52:00,21,1,1538.88,4,4,4,444,12,Champions
17888,2011-11-18 13:45:00,21,1,726.05,4,3,3,433,10,Loyal Customers
12427,2011-11-18 08:56:00,21,1,825.80,4,3,3,433,10,Loyal Customers
17425,2011-11-20 15:30:00,19,1,759.17,4,3,3,433,10,Loyal Customers
13118,2011-11-20 12:46:00,19,1,1197.81,4,4,4,444,12,Champions
14157,2011-11-20 11:32:00,19,1,432.88,4,2,2,422,8,New Customers
12540,2011-11-20 11:31:00,19,1,13400.24,4,5,5,455,14,Champions
14502,2011-11-20 11:50:00,19,1,2470.67,4,5,5,455,14,Champions
14881,2011-11-20 11:06:00,19,1,255.40,4,2,2,422,8,New Customers
14116,2011-11-20 10:29:00,19,1,1382.74,4,4,4,444,12,Champions
13212,2011-11-20 12:40:00,19,1,788.08,4,3,3,433,10,Loyal Customers
17555,2011-11-20 12:22:00,19,1,483.26,4,2,2,422,8,New Customers
18040,2011-11-20 14:20:00,19,1,357.20,4,2,2,422,8,New Customers
13565,2011-11-20 14:33:00,19,1,240.22,4,1,1,411,6,New Customers
13832,2011-11-20 15:36:00,19,1,52.20,4,1,1,411,6,New Customers
14477,2011-11-20 11:11:00,19,1,1309.60,4,4,4,444,12,Champions
17561,2011-11-20 12:53:00,19,1,167.62,4,1,1,411,6,New Customers
16464,2011-11-20 12:11:00,19,1,1314.68,4,4,4,444,12,Champions
15465,2011-11-20 10:11:00,19,1,7354.62,4,5,5,455,14,Champions
15906,2011-11-20 12:24:00,19,1,1567.69,4,4,4,444,12,Champions
14359,2011-11-20 13:17:00,19,1,912.18,4,3,3,433,10,Loyal Customers
14159,2011-11-20 12:36:00,19,1,4693.01,4,5,5,455,14,Champions
16212,2011-11-20 13:00:00,19,1,690.34,4,3,3,433,10,Loyal Customers
14860,2011-11-20 14:17:00,19,1,170.32,4,1,1,411,6,New Customers
16762,2011-11-20 11:43:00,19,1,1501.38,4,4,4,444,12,Champions
16666,2011-11-20 14:01:00,19,1,118.98,4,1,1,411,6,New Customers
16506,2011-11-20 12:17:00,19,1,90.30,4,1,1,411,6,New Customers
12597,2011-11-20 13:33:00,19,1,3811.22,4,5,5,455,14,Champions
15850,2011-11-20 14:14:00,19,1,238.85,4,1,1,411,6,New Customers
14984,2011-11-20 14:28:00,19,1,213.27,4,1,1,411,6,New Customers
16411,2011-11-20 13:23:00,19,1,214.65,4,1,1,411,6,New Customers
14950,2011-11-20 13:48:00,19,1,371.20,4,2,2,422,8,New Customers
12523,2011-11-20 12:55:00,19,1,1789.77,4,4,4,444,12,Champions
17758,2011-11-20 14:45:00,19,1,3456.70,4,5,5,455,14,Champions
17387,2011-11-20 11:00:00,19,1,784.11,4,3,3,433,10,Loyal Customers
13142,2011-11-20 16:07:00,19,1,307.09,4,2,2,422,8,New Customers
16399,2011-11-20 16:12:00,19,1,408.57,4,2,2,422,8,New Customers
18110,2011-11-20 12:34:00,19,1,236.30,4,1,1,411,6,New Customers
13200,2011-11-20 15:35:00,19,1,870.09,4,3,3,433,10,Loyal Customers
18127,2011-11-20 14:05:00,19,1,348.73,4,2,2,422,8,New Customers
13427,2011-11-20 13:02:00,19,1,582.60,4,3,3,433,10,Loyal Customers
15533,2011-11-20 15:35:00,19,1,807.57,4,3,3,433,10,Loyal Customers
12395,2011-11-20 15:21:00,19,1,3018.63,4,5,5,455,14,Champions
16784,2011-11-20 12:20:00,19,1,107.60,4,1,1,411,6,New Customers
14052,2011-11-20 12:30:00,19,1,225.36,4,1,1,411,6,New Customers
12702,2011-11-20 10:36:00,19,1,219.00,4,1,1,411,6,New Customers
16710,2011-11-20 14:50:00,19,1,2483.04,4,5,5,455,14,Champions
17738,2011-11-20 15:05:00,19,1,1879.05,4,4,4,444,12,Champions
14595,2011-11-20 12:12:00,19,1,1740.60,4,4,4,444,12,Champions
15426,2011-11-20 15:36:00,19,1,1447.39,4,4,4,444,12,Champions
17384,2011-11-20 15:48:00,19,1,336.40,4,2,2,422,8,New Customers
15963,2011-11-20 11:33:00,19,1,470.76,4,2,2,422,8,New Customers
14553,2011-11-20 13:20:00,19,1,859.27,4,3,3,433,10,Loyal Customers
15988,2011-11-20 13:23:00,19,1,158.03,4,1,1,411,6,New Customers
15044,2011-11-20 13:20:00,19,1,7700.23,4,5,5,455,14,Champions
14525,2011-11-20 11:37:00,19,1,4332.20,4,5,5,455,14,Champions
12778,2011-11-20 11:30:00,19,1,822.23,4,3,3,433,10,Loyal Customers
15919,2011-11-20 11:28:00,19,1,639.89,4,3,3,433,10,Loyal Customers
14664,2011-11-20 10:59:00,19,1,637.89,4,3,3,433,10,Loyal Customers
15745,2011-11-20 13:45:00,19,1,1094.59,4,4,4,444,12,Champions
13988,2011-11-20 10:15:00,19,1,4147.96,4,5,5,455,14,Champions
16533,2011-11-20 13:08:00,19,1,1095.56,4,4,4,444,12,Champions
17636,2011-11-20 14:40:00,19,1,285.56,4,2,2,422,8,New Customers
12504,2011-11-21 16:02:00,18,1,482.05,4,2,2,422,8,New Customers
15738,2011-11-21 08:26:00,18,1,4812.42,4,5,5,455,14,Champions
12658,2011-11-21 10:22:00,18,1,686.05,4,3,3,433,10,Loyal Customers
13430,2011-11-21 08:19:00,18,1,679.45,4,3,3,433,10,Loyal Customers
17432,2011-11-21 17:33:00,18,1,365.76,4,2,2,422,8,New Customers
15093,2011-11-21 13:09:00,18,1,4597.02,4,5,5,455,14,Champions
18080,2011-11-21 08:02:00,18,1,1231.50,4,4,4,444,12,Champions
15527,2011-11-21 12:17:00,18,1,2429.78,4,5,5,455,14,Champions
14551,2011-11-21 13:36:00,18,1,186.23,4,1,1,411,6,New Customers
15857,2011-11-21 12:18:00,18,1,297.00,4,2,2,422,8,New Customers
14883,2011-11-21 10:23:00,18,1,761.59,4,3,3,433,10,Loyal Customers
16139,2011-11-21 08:37:00,18,1,635.41,4,3,3,433,10,Loyal Customers
13823,2011-11-21 10:22:00,18,1,957.66,4,4,4,444,12,Champions
12462,2011-11-21 09:11:00,18,1,1189.59,4,4,4,444,12,Champions
15645,2011-11-21 11:55:00,18,1,612.01,4,3,3,433,10,Loyal Customers
15163,2011-11-21 13:10:00,18,1,304.47,4,2,2,422,8,New Customers
15567,2011-11-21 10:48:00,18,1,186.01,4,1,1,411,6,New Customers
16369,2011-11-21 16:25:00,18,1,1553.66,4,4,4,444,12,Champions
17664,2011-11-21 11:29:00,18,1,604.64,4,3,3,433,10,Loyal Customers
14447,2011-11-21 08:28:00,18,1,1163.23,4,4,4,444,12,Champions
16713,2011-11-21 12:36:00,18,1,6923.13,4,5,5,455,14,Champions
13167,2011-11-21 12:24:00,18,1,791.33,4,3,3,433,10,Loyal Customers
14587,2011-11-21 11:34:00,18,1,1601.14,4,4,4,444,12,Champions
12984,2011-11-21 12:37:00,18,1,97.50,4,1,1,411,6,New Customers
13739,2011-11-21 13:35:00,18,1,216.90,4,1,1,411,6,New Customers
13282,2011-11-21 15:33:00,18,1,1132.14,4,4,4,444,12,Champions
17100,2011-11-21 16:36:00,18,1,971.74,4,4,4,444,12,Champions
15132,2011-11-21 17:10:00,18,1,977.93,4,4,4,444,12,Champions
15676,2011-11-21 12:40:00,18,1,3435.76,4,5,5,455,14,Champions
12349,2011-11-21 09:51:00,18,1,1757.55,4,4,4,444,12,Champions
12904,2011-11-21 14:34:00,18,1,509.58,4,3,3,433,10,Loyal Customers
16366,2011-11-21 08:19:00,18,1,327.30,4,2,2,422,8,New Customers
17253,2011-11-21 12:59:00,18,1,178.26,4,1,1,411,6,New Customers
14030,2011-11-21 16:48:00,18,1,2360.09,4,5,5,455,14,Champions
15115,2011-11-21 14:59:00,18,1,340.11,4,2,2,422,8,New Customers
13673,2011-11-21 12:11:00,18,1,396.92,4,2,2,422,8,New Customers
17010,2011-11-21 14:49:00,18,1,195.36,4,1,1,411,6,New Customers
13189,2011-11-21 10:39:00,18,1,260.68,4,2,2,422,8,New Customers
13246,2011-11-21 16:50:00,18,1,1987.30,4,4,4,444,12,Champions
16406,2011-11-21 11:57:00,18,1,163.07,4,1,1,411,6,New Customers
17227,2011-11-21 10:51:00,18,1,939.32,4,3,3,433,10,Loyal Customers
17625,2011-11-21 13:36:00,18,1,2047.00,4,4,4,444,12,Champions
12795,2011-11-21 10:27:00,18,1,430.48,4,2,2,422,8,New Customers
14482,2011-11-21 13:14:00,18,1,2068.15,4,5,5,455,14,Champions
14449,2011-11-21 12:06:00,18,1,907.10,4,3,3,433,10,Loyal Customers
13971,2011-11-21 12:06:00,18,1,2758.26,4,5,5,455,14,Champions
15105,2011-11-21 16:54:00,18,1,2298.93,4,5,5,455,14,Champions
15671,2011-11-21 12:43:00,18,1,2657.13,4,5,5,455,14,Champions
14300,2011-11-21 08:57:00,18,1,43.20,4,1,1,411,6,New Customers
15179,2011-11-21 12:53:00,18,1,2206.95,4,5,5,455,14,Champions
13862,2011-11-21 16:24:00,18,1,2209.36,4,5,5,455,14,Champions
14198,2011-11-21 16:35:00,18,1,701.40,4,3,3,433,10,Loyal Customers
13456,2011-11-22 09:18:00,17,1,1766.72,4,4,4,444,12,Champions
14329,2011-11-22 15:50:00,17,1,5014.84,4,5,5,455,14,Champions
15965,2011-11-22 16:44:00,17,1,845.64,4,3,3,433,10,Loyal Customers
17338,2011-11-22 14:23:00,17,1,6643.93,4,5,5,455,14,Champions
14515,2011-11-22 11:37:00,17,1,2102.09,4,5,5,455,14,Champions
15845,2011-11-22 09:42:00,17,1,3711.77,4,5,5,455,14,Champions
14297,2011-11-22 09:06:00,17,1,1305.33,4,4,4,444,12,Champions
16330,2011-11-22 12:24:00,17,1,251.91,4,2,2,422,8,New Customers
17371,2011-11-22 13:30:00,17,1,423.89,4,2,2,422,8,New Customers
12775,2011-11-22 16:33:00,17,1,1386.04,4,4,4,444,12,Champions
15150,2011-11-22 12:52:00,17,1,5314.47,4,5,5,455,14,Champions
16261,2011-11-22 17:23:00,17,1,746.83,4,3,3,433,10,Loyal Customers
12465,2011-11-22 16:34:00,17,1,742.19,4,3,3,433,10,Loyal Customers
17297,2011-11-22 14:43:00,17,1,131.78,4,1,1,411,6,New Customers
13247,2011-11-22 10:59:00,17,1,501.12,4,3,3,433,10,Loyal Customers
18139,2011-11-22 10:44:00,17,1,8438.34,4,5,5,455,14,Champions
13238,2011-11-22 15:37:00,17,1,700.73,4,3,3,433,10,Loyal Customers
16748,2011-11-22 10:17:00,17,1,1515.90,4,4,4,444,12,Champions
17500,2011-11-22 14:25:00,17,1,1138.00,4,4,4,444,12,Champions
17324,2011-11-22 10:34:00,17,1,990.23,4,4,4,444,12,Champions
13403,2011-11-22 08:28:00,17,1,75.00,4,1,1,411,6,New Customers
16164,2011-11-22 15:04:00,17,1,822.48,4,3,3,433,10,Loyal Customers
14467,2011-11-22 12:48:00,17,1,598.76,4,3,3,433,10,Loyal Customers
13322,2011-11-22 14:21:00,17,1,199.48,4,1,1,411,6,New Customers
16352,2011-11-22 10:32:00,17,1,494.44,4,3,3,433,10,Loyal Customers
15699,2011-11-22 08:26:00,17,1,309.65,4,2,2,422,8,New Customers
14768,2011-11-22 12:54:00,17,1,192.60,4,1,1,411,6,New Customers
13268,2011-11-22 11:51:00,17,1,3214.69,4,5,5,455,14,Champions
16655,2011-11-22 11:25:00,17,1,3794.52,4,5,5,455,14,Champions
13499,2011-11-22 11:21:00,17,1,1159.11,4,4,4,444,12,Champions
15634,2011-11-22 16:28:00,17,1,243.55,4,1,1,411,6,New Customers
17453,2011-11-22 09:42:00,17,1,486.72,4,2,2,422,8,New Customers
15977,2011-11-22 13:29:00,17,1,1054.73,4,4,4,444,12,Champions
16107,2011-11-22 09:40:00,17,1,3204.16,4,5,5,455,14,Champions
16532,2011-11-22 11:08:00,17,1,6748.80,4,5,5,455,14,Champions
12920,2011-11-22 15:05:00,17,1,164.23,4,1,1,411,6,New Customers
13986,2011-11-22 15:00:00,17,1,320.46,4,2,2,422,8,New Customers
13569,2011-11-22 13:07:00,17,1,373.75,4,2,2,422,8,New Customers
14506,2011-11-22 13:02:00,17,1,2012.17,4,4,4,444,12,Champions
12483,2011-11-22 17:02:00,17,1,2484.98,4,5,5,455,14,Champions
14657,2011-11-22 12:47:00,17,1,848.22,4,3,3,433,10,Loyal Customers
16633,2011-11-22 13:41:00,17,1,2883.10,4,5,5,455,14,Champions
12656,2011-11-22 13:42:00,17,1,4051.17,4,5,5,455,14,Champions
12586,2011-11-22 16:24:00,17,1,196.94,4,1,1,411,6,New Customers
12936,2011-11-22 17:32:00,17,1,1063.90,4,4,4,444,12,Champions
16985,2011-11-22 13:33:00,17,1,5464.12,4,5,5,455,14,Champions
13488,2011-11-22 14:41:00,17,1,8968.31,4,5,5,455,14,Champions
18249,2011-11-22 15:07:00,17,1,95.34,4,1,1,411,6,New Customers
16956,2011-11-22 08:56:00,17,1,308.74,4,2,2,422,8,New Customers
17600,2011-11-22 09:43:00,17,1,161.67,4,1,1,411,6,New Customers
15497,2011-11-22 11:51:00,17,1,1262.20,4,4,4,444,12,Champions
14834,2011-11-22 10:30:00,17,1,1720.30,4,4,4,444,12,Champions
17155,2011-11-22 12:38:00,17,1,251.70,4,2,2,422,8,New Customers
13681,2011-11-22 11:13:00,17,1,827.83,4,3,3,433,10,Loyal Customers
15116,2011-11-22 12:25:00,17,1,1352.75,4,4,4,444,12,Champions
13363,2011-11-22 12:40:00,17,1,992.50,4,4,4,444,12,Champions
17519,2011-11-22 16:43:00,17,1,1844.02,4,4,4,444,12,Champions
14505,2011-11-22 15:45:00,17,1,5905.64,4,5,5,455,14,Champions
15106,2011-11-22 09:16:00,17,1,1422.52,4,4,4,444,12,Champions
17075,2011-11-22 11:58:00,17,1,834.12,4,3,3,433,10,Loyal Customers
14424,2011-11-22 11:48:00,17,1,322.08,4,2,2,422,8,New Customers
17759,2011-11-22 16:02:00,17,1,834.99,4,3,3,433,10,Loyal Customers
17360,2011-11-22 13:11:00,17,1,585.79,4,3,3,433,10,Loyal Customers
17073,2011-11-22 11:47:00,17,1,1446.09,4,4,4,444,12,Champions
16128,2011-11-22 11:14:00,17,1,1880.22,4,4,4,444,12,Champions
13940,2011-11-22 15:15:00,17,1,839.14,4,3,3,433,10,Loyal Customers
17659,2011-11-22 13:29:00,17,1,2999.46,4,5,5,455,14,Champions
15971,2011-11-22 12:50:00,17,1,4199.85,4,5,5,455,14,Champions
16311,2011-11-22 08:54:00,17,1,616.26,4,3,3,433,10,Loyal Customers
12474,2011-11-22 14:39:00,17,1,7375.79,4,5,5,455,14,Champions
16365,2011-11-22 11:24:00,17,1,1540.42,4,4,4,444,12,Champions
16607,2011-11-22 10:24:00,17,1,3347.71,4,5,5,455,14,Champions
16722,2011-11-22 13:28:00,17,1,4730.81,4,5,5,455,14,Champions
16422,2011-11-22 14:00:00,17,1,34684.40,4,5,5,455,14,Champions
17135,2011-11-23 16:48:00,16,1,1139.73,4,4,4,444,12,Champions
15727,2011-11-23 12:36:00,16,1,5178.96,4,5,5,455,14,Champions
15814,2011-11-23 08:17:00,16,1,1945.33,4,4,4,444,12,Champions
14733,2011-11-23 15:39:00,16,1,9585.91,4,5,5,455,14,Champions
13742,2011-11-23 11:07:00,16,1,3131.02,4,5,5,455,14,Champions
14099,2011-11-23 13:53:00,16,1,3104.17,4,5,5,455,14,Champions
14912,2011-11-23 09:20:00,16,1,867.85,4,3,3,433,10,Loyal Customers
17469,2011-11-23 13:15:00,16,1,1870.97,4,4,4,444,12,Champions
13644,2011-11-23 14:07:00,16,1,2624.26,4,5,5,455,14,Champions
13448,2011-11-23 12:33:00,16,1,3539.37,4,5,5,455,14,Champions
14020,2011-11-23 09:22:00,16,1,642.80,4,3,3,433,10,Loyal Customers
14335,2011-11-23 13:41:00,16,1,468.26,4,2,2,422,8,New Customers
17463,2011-11-23 13:40:00,16,1,1896.41,4,4,4,444,12,Champions
14205,2011-11-23 10:55:00,16,1,466.70,4,2,2,422,8,New Customers
17809,2011-11-23 12:59:00,16,1,5411.91,4,5,5,455,14,Champions
14334,2011-11-23 10:01:00,16,1,2552.21,4,5,5,455,14,Champions
14675,2011-11-23 12:58:00,16,1,604.75,4,3,3,433,10,Loyal Customers
15398,2011-11-23 16:47:00,16,1,1345.53,4,4,4,444,12,Champions
16255,2011-11-23 12:40:00,16,1,2619.91,4,5,5,455,14,Champions
15743,2011-11-23 17:19:00,16,1,784.46,4,3,3,433,10,Loyal Customers
14049,2011-11-23 12:20:00,16,1,5681.72,4,5,5,455,14,Champions
15949,2011-11-23 09:09:00,16,1,364.72,4,2,2,422,8,New Customers
13831,2011-11-23 15:41:00,16,1,2202.99,4,5,5,455,14,Champions
17725,2011-11-23 16:34:00,16,1,3439.08,4,5,5,455,14,Champions
12619,2011-11-23 14:52:00,16,1,3641.24,4,5,5,455,14,Champions
16057,2011-11-23 15:23:00,16,1,2263.12,4,5,5,455,14,Champions
16185,2011-11-23 09:41:00,16,1,529.41,4,3,3,433,10,Loyal Customers
16079,2011-11-23 12:48:00,16,1,1352.00,4,4,4,444,12,Champions
17700,2011-11-23 11:51:00,16,1,2534.64,4,5,5,455,14,Champions
15901,2011-11-23 12:43:00,16,1,363.88,4,2,2,422,8,New Customers
15916,2011-11-23 13:46:00,16,1,1528.09,4,4,4,444,12,Champions
15253,2011-11-23 16:22:00,16,1,918.20,4,3,3,433,10,Loyal Customers
14790,2011-11-23 09:28:00,16,1,745.06,4,3,3,433,10,Loyal Customers
16653,2011-11-23 14:51:00,16,1,1212.66,4,4,4,444,12,Champions
17034,2011-11-23 15:14:00,16,1,745.52,4,3,3,433,10,Loyal Customers
13899,2011-11-23 13:40:00,16,1,388.52,4,2,2,422,8,New Customers
14581,2011-11-23 12:39:00,16,1,138.60,4,1,1,411,6,New Customers
15393,2011-11-23 16:48:00,16,1,231.86,4,1,1,411,6,New Customers
13502,2011-11-23 10:39:00,16,1,292.00,4,2,2,422,8,New Customers
16660,2011-11-23 14:53:00,16,1,1267.65,4,4,4,444,12,Champions
16066,2011-11-23 11:54:00,16,1,1521.87,4,4,4,444,12,Champions
13139,2011-11-23 13:54:00,16,1,5064.94,4,5,5,455,14,Champions
12948,2011-11-23 17:10:00,16,1,2064.95,4,5,5,455,14,Champions
12452,2011-11-23 10:28:00,16,1,430.57,4,2,2,422,8,New Customers
16343,2011-11-23 17:45:00,16,1,370.48,4,2,2,422,8,New Customers
13174,2011-11-23 14:35:00,16,1,2817.03,4,5,5,455,14,Champions
13018,2011-11-23 13:28:00,16,1,7277.70,4,5,5,455,14,Champions
12557,2011-11-23 16:59:00,16,1,11990.96,4,5,5,455,14,Champions
18084,2011-11-23 13:57:00,16,1,90.48,4,1,1,411,6,New Customers
17685,2011-11-23 11:36:00,16,1,3191.53,4,5,5,455,14,Champions
16900,2011-11-23 10:32:00,16,1,887.11,4,3,3,433,10,Loyal Customers
13650,2011-11-23 12:22:00,16,1,1836.34,4,4,4,444,12,Champions
16020,2011-11-23 11:18:00,16,1,851.01,4,3,3,433,10,Loyal Customers
14744,2011-11-23 12:51:00,16,1,1099.98,4,4,4,444,12,Champions
17410,2011-11-23 15:46:00,16,1,1214.72,4,4,4,444,12,Champions
16670,2011-11-23 09:34:00,16,1,4095.90,4,5,5,455,14,Champions
17422,2011-11-23 13:27:00,16,1,1979.37,4,4,4,444,12,Champions
13350,2011-11-23 16:33:00,16,1,979.12,4,4,4,444,12,Champions
14336,2011-11-23 11:40:00,16,1,1614.91,4,4,4,444,12,Champions
12757,2011-11-24 12:30:00,15,1,7857.10,4,5,5,455,14,Champions
16189,2011-11-24 11:47:00,15,1,215.48,4,1,1,411,6,New Customers
12476,2011-11-24 12:40:00,15,1,6816.42,4,5,5,455,14,Champions
15270,2011-11-24 09:24:00,15,1,2379.49,4,5,5,455,14,Champions
13207,2011-11-24 14:52:00,15,1,250.26,4,2,2,422,8,New Customers
15953,2011-11-24 15:32:00,15,1,1659.38,4,4,4,444,12,Champions
14805,2011-11-24 16:20:00,15,1,554.65,4,3,3,433,10,Loyal Customers
17458,2011-11-24 13:01:00,15,1,316.50,4,2,2,422,8,New Customers
17345,2011-11-24 15:03:00,15,1,537.74,4,3,3,433,10,Loyal Customers
14539,2011-11-24 09:50:00,15,1,537.48,4,3,3,433,10,Loyal Customers
17133,2011-11-24 12:27:00,15,1,4892.24,4,5,5,455,14,Champions
16566,2011-11-24 16:34:00,15,1,614.66,4,3,3,433,10,Loyal Customers
13588,2011-11-24 10:42:00,15,1,2478.95,4,5,5,455,14,Champions
14709,2011-11-24 15:41:00,15,1,4921.04,4,5,5,455,14,Champions
17767,2011-11-24 14:42:00,15,1,271.20,4,2,2,422,8,New Customers
15594,2011-11-24 08:53:00,15,1,1771.78,4,4,4,444,12,Champions
14987,2011-11-24 09:59:00,15,1,326.40,4,2,2,422,8,New Customers
15632,2011-11-24 09:51:00,15,1,3285.31,4,5,5,455,14,Champions
16616,2011-11-24 16:31:00,15,1,500.42,4,3,3,433,10,Loyal Customers
12937,2011-11-24 15:05:00,15,1,1504.27,4,4,4,444,12,Champions
13638,2011-11-24 10:38:00,15,1,122.64,4,1,1,411,6,New Customers
16885,2011-11-24 13:40:00,15,1,471.51,4,2,2,422,8,New Customers
12709,2011-11-24 15:38:00,15,1,9736.52,4,5,5,455,14,Champions
14591,2011-11-24 13:57:00,15,1,1447.14,4,4,4,444,12,Champions
17516,2011-11-24 16:51:00,15,1,768.08,4,3,3,433,10,Loyal Customers
15858,2011-11-24 12:48:00,15,1,1438.85,4,4,4,444,12,Champions
17228,2011-11-24 10:24:00,15,1,1906.09,4,4,4,444,12,Champions
14277,2011-11-24 15:01:00,15,1,4216.20,4,5,5,455,14,Champions
15034,2011-11-24 12:11:00,15,1,4308.61,4,5,5,455,14,Champions
16824,2011-11-24 12:38:00,15,1,460.64,4,2,2,422,8,New Customers
15502,2011-11-24 12:48:00,15,1,10384.93,4,5,5,455,14,Champions
17139,2011-11-24 10:12:00,15,1,10668.47,4,5,5,455,14,Champions
13277,2011-11-24 09:21:00,15,1,258.40,4,2,2,422,8,New Customers
18188,2011-11-24 16:46:00,15,1,2001.04,4,4,4,444,12,Champions
16173,2011-11-24 10:53:00,15,1,1418.32,4,4,4,444,12,Champions
14756,2011-11-24 18:13:00,15,1,738.96,4,3,3,433,10,Loyal Customers
16157,2011-11-24 11:41:00,15,1,656.69,4,3,3,433,10,Loyal Customers
17727,2011-11-24 17:06:00,15,1,1060.25,4,4,4,444,12,Champions
18130,2011-11-24 14:40:00,15,1,1059.39,4,4,4,444,12,Champions
15482,2011-11-24 10:46:00,15,1,11054.96,4,5,5,455,14,Champions
18184,2011-11-24 15:28:00,15,1,49.80,4,1,1,411,6,New Customers
15428,2011-11-24 16:54:00,15,1,93.78,4,1,1,411,6,New Customers
13995,2011-11-24 14:22:00,15,1,1393.69,4,4,4,444,12,Champions
17975,2011-11-24 13:27:00,15,1,4488.81,4,5,5,455,14,Champions
12388,2011-11-24 12:30:00,15,1,2780.66,4,5,5,455,14,Champions
14607,2011-11-24 10:35:00,15,1,16569.50,4,5,5,455,14,Champions
17096,2011-11-24 15:01:00,15,1,1022.13,4,4,4,444,12,Champions
13719,2011-11-24 15:26:00,15,1,1041.68,4,4,4,444,12,Champions
15725,2011-11-24 14:51:00,15,1,415.25,4,2,2,422,8,New Customers
17323,2011-11-24 17:29:00,15,1,921.07,4,3,3,433,10,Loyal Customers
15005,2011-11-24 12:25:00,15,1,6316.57,4,5,5,455,14,Champions
16609,2011-11-24 13:32:00,15,1,5493.46,4,5,5,455,14,Champions
16482,2011-11-24 12:33:00,15,1,220.62,4,1,1,411,6,New Customers
17247,2011-11-24 15:21:00,15,1,282.19,4,2,2,422,8,New Customers
16570,2011-11-24 17:02:00,15,1,3738.40,4,5,5,455,14,Champions
12421,2011-11-24 09:07:00,15,1,807.04,4,3,3,433,10,Loyal Customers
17671,2011-11-24 12:21:00,15,1,1572.71,4,4,4,444,12,Champions
18161,2011-11-24 16:40:00,15,1,1618.69,4,4,4,444,12,Champions
16668,2011-11-24 17:43:00,15,1,306.72,4,2,2,422,8,New Customers
12494,2011-11-24 09:34:00,15,1,1246.10,4,4,4,444,12,Champions
16596,2011-11-24 10:02:00,15,1,250.15,4,1,1,411,6,New Customers
12705,2011-11-24 13:17:00,15,1,6868.29,4,5,5,455,14,Champions
17562,2011-11-25 14:21:00,14,1,1122.38,4,4,4,444,12,Champions
15134,2011-11-25 08:55:00,14,1,1387.99,4,4,4,444,12,Champions
18172,2011-11-25 11:12:00,14,1,7561.68,4,5,5,455,14,Champions
17385,2011-11-25 11:02:00,14,1,261.11,4,2,2,422,8,New Customers
12620,2011-11-25 10:20:00,14,1,1339.41,4,4,4,444,12,Champions
14946,2011-11-25 13:33:00,14,1,100.90,4,1,1,411,6,New Customers
17302,2011-11-25 09:36:00,14,1,1135.63,4,4,4,444,12,Champions
12681,2011-11-25 11:33:00,14,1,13787.54,4,5,5,455,14,Champions
13978,2011-11-25 11:36:00,14,1,196.79,4,1,1,411,6,New Customers
13579,2011-11-25 08:41:00,14,1,467.04,4,2,2,422,8,New Customers
16327,2011-11-25 13:23:00,14,1,3844.22,4,5,5,455,14,Champions
12438,2011-11-25 13:28:00,14,1,2906.85,4,5,5,455,14,Champions
13048,2011-11-25 13:23:00,14,1,1835.91,4,4,4,444,12,Champions
13050,2011-11-25 09:18:00,14,1,5836.86,4,5,5,455,14,Champions
15737,2011-11-25 11:21:00,14,1,1205.12,4,4,4,444,12,Champions
15117,2011-11-25 08:12:00,14,1,1551.78,4,4,4,444,12,Champions
16814,2011-11-25 13:27:00,14,1,6509.10,4,5,5,455,14,Champions
14710,2011-11-25 14:53:00,14,1,606.13,4,3,3,433,10,Loyal Customers
13525,2011-11-25 12:01:00,14,1,628.78,4,3,3,433,10,Loyal Customers
15186,2011-11-25 14:58:00,14,1,411.41,4,2,2,422,8,New Customers
16856,2011-11-25 08:59:00,14,1,35.40,4,1,1,411,6,New Customers
14966,2011-11-25 12:20:00,14,1,191.32,4,1,1,411,6,New Customers
15473,2011-11-25 15:15:00,14,1,1771.20,4,4,4,444,12,Champions
13332,2011-11-25 13:30:00,14,1,350.90,4,2,2,422,8,New Customers
17813,2011-11-25 16:13:00,14,1,1770.88,4,4,4,444,12,Champions
17624,2011-11-25 10:52:00,14,1,843.48,4,3,3,433,10,Loyal Customers
15872,2011-11-25 11:55:00,14,1,360.93,4,2,2,422,8,New Customers
15793,2011-11-25 09:31:00,14,1,965.61,4,4,4,444,12,Champions
13149,2011-11-25 13:09:00,14,1,1676.06,4,4,4,444,12,Champions
16719,2011-11-25 09:27:00,14,1,1790.42,4,4,4,444,12,Champions
17557,2011-11-25 12:57:00,14,1,541.46,4,3,3,433,10,Loyal Customers
15382,2011-11-25 10:58:00,14,1,5955.71,4,5,5,455,14,Champions
12531,2011-11-25 11:12:00,14,1,125.22,4,1,1,411,6,New Customers
13184,2011-11-25 12:02:00,14,1,1701.29,4,4,4,444,12,Champions
13437,2011-11-25 14:00:00,14,1,3408.06,4,5,5,455,14,Champions
14111,2011-11-25 13:44:00,14,1,692.85,4,3,3,433,10,Loyal Customers
14703,2011-11-25 09:23:00,14,1,318.17,4,2,2,422,8,New Customers
17329,2011-11-25 14:24:00,14,1,523.11,4,3,3,433,10,Loyal Customers
17348,2011-11-25 11:25:00,14,1,1159.52,4,4,4,444,12,Champions
13589,2011-11-25 12:10:00,14,1,379.65,4,2,2,422,8,New Customers
17236,2011-11-27 12:00:00,12,1,916.13,4,3,3,433,10,Loyal Customers
18001,2011-11-27 16:02:00,12,1,417.23,5,2,2,522,9,New Customers
16923,2011-11-27 13:00:00,12,1,7247.61,5,5,5,555,15,Champions
17885,2011-11-27 14:40:00,12,1,190.19,5,1,1,511,7,New Customers
16005,2011-11-27 13:47:00,12,1,615.39,5,3,3,533,11,Loyal Customers
15009,2011-11-27 13:35:00,12,1,1261.78,5,4,4,544,13,Champions
18156,2011-11-27 12:24:00,12,1,734.94,5,3,3,533,11,Loyal Customers
14093,2011-11-27 16:27:00,12,1,442.85,5,2,2,522,9,New Customers
15747,2011-11-27 12:26:00,12,1,974.04,5,4,4,544,13,Champions
15436,2011-11-27 16:05:00,12,1,1122.53,5,4,4,544,13,Champions
18145,2011-11-27 11:22:00,12,1,2861.55,5,5,5,555,15,Champions
17365,2011-11-27 12:13:00,12,1,4801.56,5,5,5,555,15,Champions
15987,2011-11-27 15:38:00,12,1,1451.28,5,4,4,544,13,Champions
15555,2011-11-27 16:19:00,12,1,4805.17,5,5,5,555,15,Champions
14577,2011-11-27 12:47:00,12,1,859.71,5,3,3,533,11,Loyal Customers
17812,2011-11-27 11:47:00,12,1,732.16,5,3,3,533,11,Loyal Customers
16942,2011-11-27 12:40:00,12,1,1920.59,5,4,4,544,13,Champions
17864,2011-11-27 11:15:00,12,1,597.50,5,3,3,533,11,Loyal Customers
16983,2011-11-27 12:10:00,12,1,1931.25,5,4,4,544,13,Champions
13610,2011-11-27 15:38:00,12,1,1131.88,5,4,4,544,13,Champions
17231,2011-11-27 15:18:00,12,1,3174.32,5,5,5,555,15,Champions
14954,2011-11-27 14:30:00,12,1,336.17,5,2,2,522,9,New Customers
17411,2011-11-27 14:25:00,12,1,778.94,5,3,3,533,11,Loyal Customers
13571,2011-11-27 10:47:00,12,1,2092.32,5,5,5,555,15,Champions
17068,2011-11-27 13:14:00,12,1,4552.14,5,5,5,555,15,Champions
17595,2011-11-27 16:08:00,12,1,388.79,5,2,2,522,9,New Customers
15054,2011-11-27 15:02:00,12,1,302.10,5,2,2,522,9,New Customers
18112,2011-11-27 14:43:00,12,1,352.69,5,2,2,522,9,New Customers
13991,2011-11-27 16:18:00,12,1,855.97,5,3,3,533,11,Loyal Customers
15351,2011-11-27 12:52:00,12,1,1960.11,5,4,4,544,13,Champions
15861,2011-11-27 15:59:00,12,1,3165.36,5,5,5,555,15,Champions
16877,2011-11-27 13:47:00,12,1,853.72,5,3,3,533,11,Loyal Customers
15514,2011-11-27 14:40:00,12,1,4139.46,5,5,5,555,15,Champions
13546,2011-11-27 14:50:00,12,1,626.99,5,3,3,533,11,Loyal Customers
14878,2011-11-27 11:15:00,12,1,1485.54,5,4,4,544,13,Champions
13782,2011-11-27 11:54:00,12,1,912.00,5,3,3,533,11,Loyal Customers
17769,2011-11-27 11:18:00,12,1,3997.98,5,5,5,555,15,Champions
13064,2011-11-27 12:31:00,12,1,1119.49,5,4,4,544,13,Champions
16024,2011-11-27 13:26:00,12,1,251.24,5,2,2,522,9,New Customers
13232,2011-11-27 10:39:00,12,1,1357.60,5,4,4,544,13,Champions
16407,2011-11-27 11:05:00,12,1,2126.93,5,5,5,555,15,Champions
14859,2011-11-27 11:18:00,12,1,1353.74,5,4,4,544,13,Champions
15540,2011-11-28 13:51:00,11,1,213.30,5,1,1,511,7,New Customers
14597,2011-11-28 13:13:00,11,1,883.15,5,3,3,533,11,Loyal Customers
12906,2011-11-28 09:55:00,11,1,2919.81,5,5,5,555,15,Champions
14290,2011-11-28 14:02:00,11,1,2314.65,5,5,5,555,15,Champions
13389,2011-11-28 14:01:00,11,1,797.96,5,3,3,533,11,Loyal Customers
12660,2011-11-28 13:26:00,11,1,245.10,5,1,1,511,7,New Customers
12657,2011-11-28 15:47:00,11,1,1643.18,5,4,4,544,13,Champions
16347,2011-11-28 13:14:00,11,1,887.65,5,3,3,533,11,Loyal Customers
13030,2011-11-28 14:30:00,11,1,799.48,5,3,3,533,11,Loyal Customers
13758,2011-11-28 11:11:00,11,1,3190.55,5,5,5,555,15,Champions
13914,2011-11-28 10:35:00,11,1,626.45,5,3,3,533,11,Loyal Customers
15601,2011-11-28 15:15:00,11,1,6776.56,5,5,5,555,15,Champions
13196,2011-11-28 13:54:00,11,1,1797.78,5,4,4,544,13,Champions
14480,2011-11-28 16:35:00,11,1,279.05,5,2,2,522,9,New Customers
15022,2011-11-28 12:35:00,11,1,905.04,5,3,3,533,11,Loyal Customers
15714,2011-11-28 11:26:00,11,1,330.88,5,2,2,522,9,New Customers
17852,2011-11-28 12:36:00,11,1,114.34,5,1,1,511,7,New Customers
14741,2011-11-28 08:48:00,11,1,1400.34,5,4,4,544,13,Champions
17988,2011-11-28 11:00:00,11,1,201.12,5,1,1,511,7,New Customers
12668,2011-11-28 10:56:00,11,1,3807.15,5,5,5,555,15,Champions
13188,2011-11-28 15:28:00,11,1,114.60,5,1,1,511,7,New Customers
14215,2011-11-28 12:19:00,11,1,1789.72,5,4,4,544,13,Champions
17739,2011-11-28 09:12:00,11,1,2791.35,5,5,5,555,15,Champions
15561,2011-11-28 11:07:00,11,1,800.59,5,3,3,533,11,Loyal Customers
13115,2011-11-28 12:38:00,11,1,2294.78,5,5,5,555,15,Champions
17237,2011-11-28 15:02:00,11,1,314.69,5,2,2,522,9,New Customers
13258,2011-11-28 09:31:00,11,1,698.58,5,3,3,533,11,Loyal Customers
15511,2011-11-28 09:43:00,11,1,909.23,5,3,3,533,11,Loyal Customers
18096,2011-11-28 12:44:00,11,1,911.15,5,3,3,533,11,Loyal Customers
18101,2011-11-28 13:37:00,11,1,223.65,5,1,1,511,7,New Customers
17031,2011-11-28 10:23:00,11,1,380.35,5,2,2,522,9,New Customers
17299,2011-11-28 12:01:00,11,1,669.11,5,3,3,533,11,Loyal Customers
15721,2011-11-28 12:14:00,11,1,507.08,5,3,3,533,11,Loyal Customers
13266,2011-11-28 14:39:00,11,1,3834.26,5,5,5,555,15,Champions
17929,2011-11-28 16:01:00,11,1,843.00,5,3,3,533,11,Loyal Customers
17188,2011-11-28 13:53:00,11,1,2474.23,5,5,5,555,15,Champions
13950,2011-11-28 14:44:00,11,1,745.06,5,3,3,533,11,Loyal Customers
13081,2011-11-28 10:54:00,11,1,28337.38,5,5,5,555,15,Champions
13844,2011-11-28 13:21:00,11,1,361.62,5,2,2,522,9,New Customers
12479,2011-11-28 13:26:00,11,1,527.20,5,3,3,533,11,Loyal Customers
14901,2011-11-28 17:09:00,11,1,1421.29,5,4,4,544,13,Champions
17651,2011-11-28 10:29:00,11,1,3945.00,5,5,5,555,15,Champions
14511,2011-11-28 17:05:00,11,1,1314.81,5,4,4,544,13,Champions
15838,2011-11-28 14:00:00,11,1,33643.08,5,5,5,555,15,Champions
17806,2011-11-28 14:12:00,11,1,546.04,5,3,3,533,11,Loyal Customers
17359,2011-11-28 14:37:00,11,1,127.86,5,1,1,511,7,New Customers
13004,2011-11-28 11:27:00,11,1,5655.91,5,5,5,555,15,Champions
14704,2011-11-28 12:51:00,11,1,1546.91,5,4,4,544,13,Champions
17019,2011-11-28 13:06:00,11,1,1272.61,5,4,4,544,13,Champions
13418,2011-11-28 10:23:00,11,1,6127.43,5,5,5,555,15,Champions
17419,2011-11-28 13:47:00,11,1,4226.57,5,5,5,555,15,Champions
18041,2011-11-28 11:39:00,11,1,4183.39,5,5,5,555,15,Champions
15571,2011-11-28 10:02:00,11,1,650.43,5,3,3,533,11,Loyal Customers
17523,2011-11-28 13:20:00,11,1,652.74,5,3,3,533,11,Loyal Customers
17379,2011-11-28 13:56:00,11,1,404.66,5,2,2,522,9,New Customers
16094,2011-11-28 12:45:00,11,1,1078.23,5,4,4,544,13,Champions
14470,2011-11-28 10:31:00,11,1,461.19,5,2,2,522,9,New Customers
16800,2011-11-28 14:06:00,11,1,1201.49,5,4,4,544,13,Champions
18229,2011-11-28 09:48:00,11,1,7276.90,5,5,5,555,15,Champions
17924,2011-11-28 09:11:00,11,1,2962.50,5,5,5,555,15,Champions
16744,2011-11-28 13:06:00,11,1,1304.76,5,4,4,544,13,Champions
16364,2011-11-28 11:27:00,11,1,707.04,5,3,3,533,11,Loyal Customers
13590,2011-11-28 12:54:00,11,1,1981.92,5,4,4,544,13,Champions
13496,2011-11-29 10:58:00,10,1,653.33,5,3,3,533,11,Loyal Customers
13429,2011-11-29 09:10:00,10,1,1006.80,5,4,4,544,13,Champions
14836,2011-11-29 16:45:00,10,1,102.45,5,1,1,511,7,New Customers
14419,2011-11-29 11:22:00,10,1,1058.06,5,4,4,544,13,Champions
15197,2011-11-29 10:00:00,10,1,1079.61,5,4,4,544,13,Champions
13467,2011-11-29 10:01:00,10,1,1083.71,5,4,4,544,13,Champions
14824,2011-11-29 14:20:00,10,1,1127.71,5,4,4,544,13,Champions
14723,2011-11-29 15:23:00,10,1,1158.30,5,4,4,544,13,Champions
15239,2011-11-29 14:14:00,10,1,780.59,5,3,3,533,11,Loyal Customers
13211,2011-11-29 14:43:00,10,1,1197.42,5,4,4,544,13,Champions
12464,2011-11-29 13:33:00,10,1,1212.05,5,4,4,544,13,Champions
14550,2011-11-29 12:12:00,10,1,765.62,5,3,3,533,11,Loyal Customers
17466,2011-11-29 13:15:00,10,1,763.28,5,3,3,533,11,Loyal Customers
13147,2011-11-29 13:59:00,10,1,712.80,5,3,3,533,11,Loyal Customers
14785,2011-11-29 13:21:00,10,1,77.40,5,1,1,511,7,New Customers
14088,2011-11-29 16:16:00,10,1,50491.81,5,5,5,555,15,Champions
15297,2011-11-29 16:32:00,10,1,641.94,5,3,3,533,11,Loyal Customers
14321,2011-11-29 09:47:00,10,1,1530.75,5,4,4,544,13,Champions
12654,2011-11-29 10:10:00,10,1,601.98,5,3,3,533,11,Loyal Customers
14349,2011-11-29 15:39:00,10,1,133.50,5,1,1,511,7,New Customers
16992,2011-11-29 11:50:00,10,1,1614.31,5,4,4,544,13,Champions
17101,2011-11-29 13:57:00,10,1,1621.73,5,4,4,544,13,Champions
17468,2011-11-29 15:33:00,10,1,137.00,5,1,1,511,7,New Customers
16775,2011-11-29 15:22:00,10,1,1695.66,5,4,4,544,13,Champions
16852,2011-11-29 13:22:00,10,1,144.91,5,1,1,511,7,New Customers
13928,2011-11-29 10:33:00,10,1,464.57,5,2,2,522,9,New Customers
12375,2011-11-29 10:36:00,10,1,457.50,5,2,2,522,9,New Customers
14173,2011-11-29 11:54:00,10,1,450.84,5,2,2,522,9,New Customers
14209,2011-11-29 10:18:00,10,1,2073.43,5,5,5,555,15,Champions
15206,2011-11-29 13:41:00,10,1,420.30,5,2,2,522,9,New Customers
16782,2011-11-29 13:20:00,10,1,2279.90,5,5,5,555,15,Champions
15755,2011-11-29 14:57:00,10,1,2364.25,5,5,5,555,15,Champions
14554,2011-11-29 16:44:00,10,1,2381.04,5,5,5,555,15,Champions
17711,2011-11-29 11:40:00,10,1,385.10,5,2,2,522,9,New Customers
13657,2011-11-29 12:32:00,10,1,382.14,5,2,2,522,9,New Customers
15089,2011-11-29 16:31:00,10,1,2420.84,5,5,5,555,15,Champions
17772,2011-11-29 11:05:00,10,1,182.77,5,1,1,511,7,New Customers
17682,2011-11-29 15:59:00,10,1,2474.33,5,5,5,555,15,Champions
14701,2011-11-29 12:38:00,10,1,2549.37,5,5,5,555,15,Champions
14408,2011-11-29 11:41:00,10,1,2606.53,5,5,5,555,15,Champions
17655,2011-11-29 11:34:00,10,1,2638.94,5,5,5,555,15,Champions
13883,2011-11-29 10:45:00,10,1,2674.48,5,5,5,555,15,Champions
14125,2011-11-29 12:47:00,10,1,2740.43,5,5,5,555,15,Champions
14711,2011-11-29 14:58:00,10,1,2868.80,5,5,5,555,15,Champions
12670,2011-11-29 15:23:00,10,1,2996.05,5,5,5,555,15,Champions
13068,2011-11-29 15:00:00,10,1,344.00,5,2,2,522,9,New Customers
15619,2011-11-29 08:14:00,10,1,336.40,5,2,2,522,9,New Customers
14388,2011-11-29 13:32:00,10,1,3212.84,5,5,5,555,15,Champions
16818,2011-11-29 10:41:00,10,1,3349.57,5,5,5,555,15,Champions
13198,2011-11-29 15:17:00,10,1,3401.24,5,5,5,555,15,Champions
13014,2011-11-29 12:27:00,10,1,3466.28,5,5,5,555,15,Champions
14601,2011-11-29 09:48:00,10,1,213.96,5,1,1,511,7,New Customers
13137,2011-11-29 12:09:00,10,1,3650.41,5,5,5,555,15,Champions
13428,2011-11-29 14:20:00,10,1,218.47,5,1,1,511,7,New Customers
16168,2011-11-29 12:45:00,10,1,3787.60,5,5,5,555,15,Champions
15790,2011-11-29 14:53:00,10,1,220.85,5,1,1,511,7,New Customers
13999,2011-11-29 13:40:00,10,1,3901.81,5,5,5,555,15,Champions
12727,2011-11-29 11:46:00,10,1,3980.70,5,5,5,555,15,Champions
16549,2011-11-29 15:06:00,10,1,4154.64,5,5,5,555,15,Champions
15148,2011-11-29 08:21:00,10,1,301.29,5,2,2,522,9,New Customers
16479,2011-11-29 13:40:00,10,1,300.83,5,2,2,522,9,New Customers
12627,2011-11-29 12:07:00,10,1,4478.53,5,5,5,555,15,Champions
14390,2011-11-29 13:49:00,10,1,4652.82,5,5,5,555,15,Champions
14180,2011-11-29 10:56:00,10,1,4748.52,5,5,5,555,15,Champions
18118,2011-11-29 11:32:00,10,1,5653.82,5,5,5,555,15,Champions
15218,2011-11-29 11:48:00,10,1,5756.89,5,5,5,555,15,Champions
13576,2011-11-29 15:34:00,10,1,6717.34,5,5,5,555,15,Champions
12798,2011-11-29 15:52:00,10,1,6977.04,5,5,5,555,15,Champions
14961,2011-11-29 09:42:00,10,1,7044.68,5,5,5,555,15,Champions
14452,2011-11-29 12:06:00,10,1,264.44,5,2,2,522,9,New Customers
17306,2011-11-29 12:14:00,10,1,8631.31,5,5,5,555,15,Champions
12451,2011-11-29 08:40:00,10,1,9035.52,5,5,5,555,15,Champions
14667,2011-11-29 11:30:00,10,1,9241.20,5,5,5,555,15,Champions
15615,2011-11-29 14:42:00,10,1,10399.74,5,5,5,555,15,Champions
15783,2011-11-29 09:50:00,10,1,246.30,5,1,1,511,7,New Customers
14866,2011-11-29 11:45:00,10,1,14389.90,5,5,5,555,15,Champions
13349,2011-11-29 08:07:00,10,1,247.32,5,1,1,511,7,New Customers
17288,2011-11-30 16:09:00,9,1,1419.73,5,4,4,544,13,Champions
14258,2011-11-30 15:27:00,9,1,12669.98,5,5,5,555,15,Champions
15414,2011-11-30 09:50:00,9,1,774.90,5,3,3,533,11,Loyal Customers
15544,2011-11-30 16:43:00,9,1,3546.71,5,5,5,555,15,Champions
18241,2011-11-30 12:10:00,9,1,2073.09,5,5,5,555,15,Champions
12598,2011-11-30 12:18:00,9,1,3023.08,5,5,5,555,15,Champions
12787,2011-11-30 08:44:00,9,1,463.66,5,2,2,522,9,New Customers
16062,2011-11-30 12:15:00,9,1,1153.62,5,4,4,544,13,Champions
17502,2011-11-30 13:13:00,9,1,689.10,5,3,3,533,11,Loyal Customers
12966,2011-11-30 12:38:00,9,1,160.18,5,1,1,511,7,New Customers
12528,2011-11-30 14:40:00,9,1,1933.48,5,4,4,544,13,Champions
15444,2011-11-30 17:37:00,9,1,1418.26,5,4,4,544,13,Champions
18230,2011-11-30 13:22:00,9,1,2810.20,5,5,5,555,15,Champions
14540,2011-11-30 10:15:00,9,1,996.26,5,4,4,544,13,Champions
14963,2011-11-30 12:16:00,9,1,1487.80,5,4,4,544,13,Champions
15782,2011-11-30 10:49:00,9,1,2614.74,5,5,5,555,15,Champions
18158,2011-11-30 16:19:00,9,1,453.40,5,2,2,522,9,New Customers
12957,2011-11-30 09:53:00,9,1,4017.54,5,5,5,555,15,Champions
14432,2011-11-30 08:04:00,9,1,2255.51,5,5,5,555,15,Champions
16361,2011-11-30 12:32:00,9,1,896.66,5,3,3,533,11,Loyal Customers
13203,2011-11-30 10:45:00,9,1,869.46,5,3,3,533,11,Loyal Customers
16657,2011-11-30 11:48:00,9,1,933.62,5,3,3,533,11,Loyal Customers
17736,2011-11-30 15:36:00,9,1,377.44,5,2,2,522,9,New Customers
15712,2011-11-30 14:09:00,9,1,1072.36,5,4,4,544,13,Champions
15251,2011-11-30 15:02:00,9,1,10484.99,5,5,5,555,15,Champions
13658,2011-11-30 10:13:00,9,1,2639.17,5,5,5,555,15,Champions
14005,2011-11-30 12:41:00,9,1,2874.72,5,5,5,555,15,Champions
14062,2011-11-30 10:04:00,9,1,10464.85,5,5,5,555,15,Champions
16241,2011-11-30 11:08:00,9,1,2607.87,5,5,5,555,15,Champions
16915,2011-11-30 16:39:00,9,1,621.68,5,3,3,533,11,Loyal Customers
13647,2011-11-30 12:00:00,9,1,1678.12,5,4,4,544,13,Champions
15680,2011-11-30 13:46:00,9,1,1333.68,5,4,4,544,13,Champions
14618,2011-11-30 13:45:00,9,1,553.44,5,3,3,533,11,Loyal Customers
17911,2011-11-30 14:52:00,9,1,366.23,5,2,2,522,9,New Customers
12784,2011-11-30 15:38:00,9,1,574.42,5,3,3,533,11,Loyal Customers
16295,2011-11-30 08:17:00,9,1,1328.55,5,4,4,544,13,Champions
18058,2011-11-30 08:38:00,9,1,170.16,5,1,1,511,7,New Customers
14755,2011-11-30 11:24:00,9,1,5010.28,5,5,5,555,15,Champions
15394,2011-11-30 11:49:00,9,1,2183.54,5,5,5,555,15,Champions
15903,2011-11-30 08:08:00,9,1,5126.76,5,5,5,555,15,Champions
15467,2011-11-30 14:17:00,9,1,524.88,5,3,3,533,11,Loyal Customers
13784,2011-11-30 09:33:00,9,1,2462.79,5,5,5,555,15,Champions
15654,2011-11-30 13:08:00,9,1,922.53,5,3,3,533,11,Loyal Customers
14713,2011-11-30 16:26:00,9,1,2666.36,5,5,5,555,15,Champions
15046,2011-11-30 15:50:00,9,1,5213.77,5,5,5,555,15,Champions
16712,2011-11-30 13:48:00,9,1,3645.43,5,5,5,555,15,Champions
14385,2011-11-30 15:36:00,9,1,202.11,5,1,1,511,7,New Customers
12488,2011-11-30 08:50:00,9,1,1298.66,5,4,4,544,13,Champions
18179,2011-11-30 16:23:00,9,1,1793.17,5,4,4,544,13,Champions
15611,2011-11-30 12:36:00,9,1,1591.45,5,4,4,544,13,Champions
12429,2011-11-30 17:22:00,9,1,3750.40,5,5,5,555,15,Champions
12524,2011-11-30 15:31:00,9,1,4485.72,5,5,5,555,15,Champions
15024,2011-11-30 12:06:00,9,1,1661.33,5,4,4,544,13,Champions
17737,2011-11-30 15:16:00,9,1,168.24,5,1,1,511,7,New Customers
15039,2011-11-30 11:31:00,9,1,19914.44,5,5,5,555,15,Champions
12953,2011-11-30 09:24:00,9,1,329.85,5,2,2,522,9,New Customers
13012,2011-11-30 13:05:00,9,1,1661.84,5,4,4,544,13,Champions
12714,2011-11-30 15:43:00,9,1,4708.86,5,5,5,555,15,Champions
15113,2011-11-30 08:23:00,9,1,3609.33,5,5,5,555,15,Champions
12882,2011-11-30 16:18:00,9,1,1463.04,5,4,4,544,13,Champions
16265,2011-11-30 16:41:00,9,1,5447.00,5,5,5,555,15,Champions
14448,2011-11-30 13:50:00,9,1,375.35,5,2,2,522,9,New Customers
13255,2011-11-30 13:14:00,9,1,399.51,5,2,2,522,9,New Customers
15152,2011-11-30 12:32:00,9,1,4745.69,5,5,5,555,15,Champions
12630,2011-11-30 10:48:00,9,1,1270.88,5,4,4,544,13,Champions
12921,2011-11-30 16:22:00,9,1,16587.09,5,5,5,555,15,Champions
15073,2011-11-30 10:44:00,9,1,1043.41,5,4,4,544,13,Champions
14893,2011-11-30 12:31:00,9,1,1237.85,5,4,4,544,13,Champions
14156,2011-11-30 10:54:00,9,1,117379.63,5,5,5,555,15,Champions
16115,2011-11-30 11:32:00,9,1,1667.97,5,4,4,544,13,Champions
13362,2011-11-30 14:41:00,9,1,3090.74,5,5,5,555,15,Champions
14146,2011-12-01 10:18:00,8,1,4191.00,5,5,5,555,15,Champions
14766,2011-12-01 16:05:00,8,1,2473.37,5,5,5,555,15,Champions
12572,2011-12-01 09:20:00,8,1,1020.42,5,4,4,544,13,Champions
12562,2011-12-01 17:20:00,8,1,3781.74,5,5,5,555,15,Champions
16496,2011-12-01 10:31:00,8,1,1599.52,5,4,4,544,13,Champions
16145,2011-12-01 10:33:00,8,1,3799.49,5,5,5,555,15,Champions
15060,2011-12-01 13:47:00,8,1,303.09,5,2,2,522,9,New Customers
15028,2011-12-01 14:06:00,8,1,627.13,5,3,3,533,11,Loyal Customers
14960,2011-12-01 12:54:00,8,1,221.27,5,1,1,511,7,New Customers
14299,2011-12-01 16:05:00,8,1,3965.62,5,5,5,555,15,Champions
15373,2011-12-01 15:05:00,8,1,2415.91,5,5,5,555,15,Champions
14732,2011-12-01 14:34:00,8,1,2702.49,5,5,5,555,15,Champions
14243,2011-12-01 11:12:00,8,1,2588.77,5,5,5,555,15,Champions
17381,2011-12-01 11:59:00,8,1,20275.61,5,5,5,555,15,Champions
16966,2011-12-01 13:40:00,8,1,2154.97,5,5,5,555,15,Champions
15434,2011-12-01 13:33:00,8,1,1041.48,5,4,4,544,13,Champions
12901,2011-12-01 10:07:00,8,1,17654.54,5,5,5,555,15,Champions
16119,2011-12-01 15:11:00,8,1,423.36,5,2,2,522,9,New Customers
16938,2011-12-01 10:20:00,8,1,2736.38,5,5,5,555,15,Champions
16839,2011-12-01 09:03:00,8,1,16594.35,5,5,5,555,15,Champions
14289,2011-12-01 11:44:00,8,1,911.26,5,3,3,533,11,Loyal Customers
17566,2011-12-01 19:54:00,8,1,901.21,5,3,3,533,11,Loyal Customers
14659,2011-12-01 12:17:00,8,1,2529.93,5,5,5,555,15,Champions
15993,2011-12-01 10:45:00,8,1,2797.57,5,5,5,555,15,Champions
17768,2011-12-01 13:22:00,8,1,2273.18,5,5,5,555,15,Champions
15904,2011-12-01 14:50:00,8,1,164.68,5,1,1,511,7,New Customers
14804,2011-12-01 11:20:00,8,1,353.27,5,2,2,522,9,New Customers
12951,2011-12-01 12:14:00,8,1,1064.07,5,4,4,544,13,Champions
15531,2011-12-01 18:43:00,8,1,2007.44,5,4,4,544,13,Champions
14367,2011-12-01 13:19:00,8,1,9261.52,5,5,5,555,15,Champions
15948,2011-12-01 15:32:00,8,1,955.24,5,4,4,544,13,Champions
14309,2011-12-01 13:33:00,8,1,2352.53,5,5,5,555,15,Champions
13090,2011-12-01 12:39:00,8,1,8910.82,5,5,5,555,15,Champions
13854,2011-12-01 09:06:00,8,1,8109.52,5,5,5,555,15,Champions
17115,2011-12-01 14:30:00,8,1,837.50,5,3,3,533,11,Loyal Customers
15862,2011-12-01 13:28:00,8,1,832.88,5,3,3,533,11,Loyal Customers
17450,2011-12-01 13:29:00,8,1,194550.79,5,5,5,555,15,Champions
15500,2011-12-01 13:47:00,8,1,1131.56,5,4,4,544,13,Champions
15687,2011-12-01 08:33:00,8,1,2993.10,5,5,5,555,15,Champions
14655,2011-12-01 16:28:00,8,1,1932.23,5,4,4,544,13,Champions
15021,2011-12-01 11:53:00,8,1,1914.82,5,4,4,544,13,Champions
14287,2011-12-01 13:25:00,8,1,176.63,5,1,1,511,7,New Customers
17293,2011-12-01 14:37:00,8,1,1875.11,5,4,4,544,13,Champions
15144,2011-12-01 15:12:00,8,1,6580.44,5,5,5,555,15,Champions
14869,2011-12-01 12:36:00,8,1,725.70,5,3,3,533,11,Loyal Customers
16156,2011-12-01 12:42:00,8,1,3122.04,5,5,5,555,15,Champions
12963,2011-12-01 12:55:00,8,1,1856.63,5,4,4,544,13,Champions
14262,2011-12-01 14:17:00,8,1,2618.23,5,5,5,555,15,Champions
16789,2011-12-01 15:12:00,8,1,80.80,5,1,1,511,7,New Customers
16376,2011-12-01 11:38:00,8,1,987.01,5,4,4,544,13,Champions
18122,2011-12-01 13:08:00,8,1,1826.21,5,4,4,544,13,Champions
16169,2011-12-01 15:28:00,8,1,1822.97,5,4,4,544,13,Champions
17350,2011-12-01 15:47:00,8,1,1286.07,5,4,4,544,13,Champions
16701,2011-12-01 11:10:00,8,1,5398.30,5,5,5,555,15,Champions
15951,2011-12-01 08:34:00,8,1,708.22,5,3,3,533,11,Loyal Customers
15602,2011-12-01 14:14:00,8,1,1297.87,5,4,4,544,13,Champions
14047,2011-12-01 11:43:00,8,1,1308.61,5,4,4,544,13,Champions
16011,2011-12-01 16:31:00,8,1,3362.71,5,5,5,555,15,Champions
17321,2011-12-01 13:41:00,8,1,700.86,5,3,3,533,11,Loyal Customers
16700,2011-12-01 11:00:00,8,1,5076.55,5,5,5,555,15,Champions
17426,2011-12-01 18:07:00,8,1,5037.26,5,5,5,555,15,Champions
15101,2011-12-01 10:18:00,8,1,317.53,5,2,2,522,9,New Customers
14440,2011-12-01 15:42:00,8,1,2357.68,5,5,5,555,15,Champions
18077,2011-12-01 13:32:00,8,1,2633.01,5,5,5,555,15,Champions
16813,2011-12-01 14:03:00,8,1,1692.98,5,4,4,544,13,Champions
12919,2011-12-01 13:47:00,8,1,1335.19,5,4,4,544,13,Champions
15380,2011-12-01 12:13:00,8,1,1690.26,5,4,4,544,13,Champions
12664,2011-12-01 17:07:00,8,1,4881.88,5,5,5,555,15,Champions
14298,2011-12-01 13:12:00,8,1,51527.30,5,5,5,555,15,Champions
16242,2011-12-01 15:12:00,8,1,3603.21,5,5,5,555,15,Champions
17576,2011-12-01 17:56:00,8,1,3622.68,5,5,5,555,15,Champions
13040,2011-12-01 10:38:00,8,1,676.99,5,3,3,533,11,Loyal Customers
17937,2011-12-01 11:45:00,8,1,4301.22,5,5,5,555,15,Champions
12553,2011-12-01 16:38:00,8,1,3692.28,5,5,5,555,15,Champions
13159,2011-12-01 11:20:00,8,1,1437.85,5,4,4,544,13,Champions
15172,2011-12-01 11:51:00,8,1,1624.05,5,4,4,544,13,Champions
13509,2011-12-01 10:10:00,8,1,979.72,5,4,4,544,13,Champions
14178,2011-12-01 12:01:00,8,1,1620.93,5,4,4,544,13,Champions
17014,2011-12-01 14:09:00,8,1,586.33,5,3,3,533,11,Loyal Customers
14594,2011-12-02 13:28:00,7,1,379.83,5,2,2,522,9,New Customers
17584,2011-12-02 17:12:00,7,1,1242.30,5,4,4,544,13,Champions
17221,2011-12-02 13:35:00,7,1,335.13,5,2,2,522,9,New Customers
14126,2011-12-02 11:45:00,7,1,706.13,5,3,3,533,11,Loyal Customers
17942,2011-12-02 10:45:00,7,1,77.50,5,1,1,511,7,New Customers
13017,2011-12-02 15:53:00,7,1,204.00,5,1,1,511,7,New Customers
17183,2011-12-02 10:07:00,7,1,3347.31,5,5,5,555,15,Champions
16359,2011-12-02 17:04:00,7,1,1750.92,5,4,4,544,13,Champions
16440,2011-12-02 12:02:00,7,1,3640.67,5,5,5,555,15,Champions
12856,2011-12-02 10:52:00,7,1,2179.93,5,5,5,555,15,Champions
16333,2011-12-02 12:19:00,7,1,26626.80,5,5,5,555,15,Champions
12364,2011-12-02 10:22:00,7,1,1313.10,5,4,4,544,13,Champions
15123,2011-12-02 13:12:00,7,1,2199.31,5,5,5,555,15,Champions
15539,2011-12-02 13:36:00,7,1,538.46,5,3,3,533,11,Loyal Customers
17157,2011-12-02 09:10:00,7,1,319.00,5,2,2,522,9,New Customers
12587,2011-12-02 12:47:00,7,1,144.00,5,1,1,511,7,New Customers
17611,2011-12-02 13:29:00,7,1,3984.22,5,5,5,555,15,Champions
17567,2011-12-02 15:48:00,7,1,4331.48,5,5,5,555,15,Champions
14493,2011-12-02 16:14:00,7,1,2383.24,5,5,5,555,15,Champions
13183,2011-12-02 10:30:00,7,1,3957.78,5,5,5,555,15,Champions
15547,2011-12-02 12:52:00,7,1,4954.84,5,5,5,555,15,Champions
15078,2011-12-02 15:41:00,7,1,9743.11,5,5,5,555,15,Champions
13495,2011-12-02 11:21:00,7,1,2044.87,5,4,4,544,13,Champions
13458,2011-12-02 15:29:00,7,1,9646.57,5,5,5,555,15,Champions
12700,2011-12-02 10:47:00,7,1,4939.99,5,5,5,555,15,Champions
18144,2011-12-02 12:46:00,7,1,2888.75,5,5,5,555,15,Champions
13969,2011-12-02 15:11:00,7,1,9053.94,5,5,5,555,15,Champions
12970,2011-12-02 14:30:00,7,1,452.24,5,2,2,522,9,New Customers
15271,2011-12-02 14:11:00,7,1,2507.07,5,5,5,555,15,Champions
12704,2011-12-02 13:15:00,7,1,2340.84,5,5,5,555,15,Champions
15570,2011-12-02 14:47:00,7,1,4165.52,5,5,5,555,15,Champions
13953,2011-12-02 16:04:00,7,1,3515.68,5,5,5,555,15,Champions
13297,2011-12-02 09:32:00,7,1,2089.85,5,5,5,555,15,Champions
17086,2011-12-02 13:54:00,7,1,2050.08,5,4,4,544,13,Champions
12962,2011-12-02 15:55:00,7,1,266.39,5,2,2,522,9,New Customers
13309,2011-12-02 16:34:00,7,1,1456.79,5,4,4,544,13,Champions
12684,2011-12-02 09:53:00,7,1,2283.63,5,5,5,555,15,Champions
14092,2011-12-02 12:13:00,7,1,4076.91,5,5,5,555,15,Champions
14895,2011-12-02 09:23:00,7,1,11138.71,5,5,5,555,15,Champions
16989,2011-12-02 16:39:00,7,1,1133.25,5,4,4,544,13,Champions
18174,2011-12-02 16:56:00,7,1,104.00,5,1,1,511,7,New Customers
14292,2011-12-02 11:50:00,7,1,4871.93,5,5,5,555,15,Champions
12558,2011-12-02 10:41:00,7,1,269.96,5,2,2,522,9,New Customers
14250,2011-12-02 14:30:00,7,1,1904.05,5,4,4,544,13,Champions
12762,2011-12-02 10:23:00,7,1,1898.52,5,4,4,544,13,Champions
16759,2011-12-02 12:42:00,7,1,789.79,5,3,3,533,11,Loyal Customers
13884,2011-12-02 16:30:00,7,1,787.60,5,3,3,533,11,Loyal Customers
18055,2011-12-02 14:25:00,7,1,6784.19,5,5,5,555,15,Champions
13560,2011-12-02 13:11:00,7,1,174.37,5,1,1,511,7,New Customers
16474,2011-12-02 13:02:00,7,1,1871.50,5,4,4,544,13,Champions
16103,2011-12-02 14:16:00,7,1,1429.64,5,4,4,544,13,Champions
14428,2011-12-02 13:17:00,7,1,1244.83,5,4,4,544,13,Champions
16038,2011-12-02 12:40:00,7,1,471.78,5,2,2,522,9,New Customers
12695,2011-12-02 13:22:00,7,1,582.10,5,3,3,533,11,Loyal Customers
17686,2011-12-02 15:39:00,7,1,5739.46,5,5,5,555,15,Champions
14031,2011-12-02 17:13:00,7,1,17286.86,5,5,5,555,15,Champions
15769,2011-12-02 13:52:00,7,1,56252.72,5,5,5,555,15,Champions
14688,2011-12-02 12:26:00,7,1,5630.87,5,5,5,555,15,Champions
16899,2011-12-02 12:03:00,7,1,1281.56,5,4,4,544,13,Champions
18282,2011-12-02 11:43:00,7,1,178.05,5,1,1,511,7,New Customers
13705,2011-12-02 12:32:00,7,1,711.86,5,3,3,533,11,Loyal Customers
13868,2011-12-02 16:32:00,7,1,3192.54,5,5,5,555,15,Champions
14897,2011-12-02 10:32:00,7,1,1366.38,5,4,4,544,13,Champions
14788,2011-12-02 17:06:00,7,1,679.44,5,3,3,533,11,Loyal Customers
13780,2011-12-02 13:49:00,7,1,360.01,5,2,2,522,9,New Customers
17495,2011-12-02 12:08:00,7,1,497.56,5,3,3,533,11,Loyal Customers
18097,2011-12-02 11:16:00,7,1,2697.80,5,5,5,555,15,Champions
14023,2011-12-02 13:58:00,7,1,584.07,5,3,3,533,11,Loyal Customers
14560,2011-12-02 15:22:00,7,1,2237.77,5,5,5,555,15,Champions
17386,2011-12-02 11:28:00,7,1,2686.42,5,5,5,555,15,Champions
18245,2011-12-02 14:48:00,7,1,2567.06,5,5,5,555,15,Champions
14865,2011-12-02 16:25:00,7,1,52.20,5,1,1,511,7,New Customers
16905,2011-12-04 14:01:00,5,1,3102.43,5,5,5,555,15,Champions
13808,2011-12-04 12:18:00,5,1,1747.66,5,4,4,544,13,Champions
17858,2011-12-04 11:56:00,5,1,5155.66,5,5,5,555,15,Champions
13736,2011-12-04 15:19:00,5,1,731.90,5,3,3,533,11,Loyal Customers
16326,2011-12-04 10:11:00,5,1,3110.96,5,5,5,555,15,Champions
13558,2011-12-04 11:24:00,5,1,605.06,5,3,3,533,11,Loyal Customers
14583,2011-12-04 12:32:00,5,1,1052.55,5,4,4,544,13,Champions
17131,2011-12-04 12:52:00,5,1,2463.17,5,5,5,555,15,Champions
15867,2011-12-04 13:32:00,5,1,3812.64,5,5,5,555,15,Champions
17954,2011-12-04 14:15:00,5,1,2332.72,5,5,5,555,15,Champions
16283,2011-12-04 12:08:00,5,1,1570.81,5,4,4,544,13,Champions
12827,2011-12-04 12:17:00,5,1,430.15,5,2,2,522,9,New Customers
14102,2011-12-04 15:38:00,5,1,1360.28,5,4,4,544,13,Champions
14720,2011-12-04 12:02:00,5,1,663.81,5,3,3,533,11,Loyal Customers
17936,2011-12-04 13:32:00,5,1,389.84,5,2,2,522,9,New Customers
13596,2011-12-04 12:01:00,5,1,697.04,5,3,3,533,11,Loyal Customers
13956,2011-12-04 13:20:00,5,1,1026.42,5,4,4,544,13,Champions
16535,2011-12-04 15:18:00,5,1,593.75,5,3,3,533,11,Loyal Customers
13153,2011-12-04 12:14:00,5,1,486.22,5,2,2,522,9,New Customers
12724,2011-12-04 16:02:00,5,1,1031.41,5,4,4,544,13,Champions
14456,2011-12-04 13:59:00,5,1,3062.40,5,5,5,555,15,Champions
17827,2011-12-04 15:00:00,5,1,1995.46,5,4,4,544,13,Champions
17629,2011-12-04 10:56:00,5,1,1814.12,5,4,4,544,13,Champions
17618,2011-12-04 11:50:00,5,1,971.58,5,4,4,544,13,Champions
16438,2011-12-04 10:51:00,5,1,798.35,5,3,3,533,11,Loyal Customers
17750,2011-12-04 14:09:00,5,1,1797.57,5,4,4,544,13,Champions
16988,2011-12-04 16:02:00,5,1,126.12,5,1,1,511,7,New Customers
17173,2011-12-04 14:40:00,5,1,3766.60,5,5,5,555,15,Champions
12490,2011-12-04 16:07:00,5,1,5417.93,5,5,5,555,15,Champions
16931,2011-12-04 13:15:00,5,1,4604.22,5,5,5,555,15,Champions
12560,2011-12-04 13:54:00,5,1,2134.01,5,5,5,555,15,Champions
14546,2011-12-04 13:00:00,5,1,2578.09,5,5,5,555,15,Champions
13435,2011-12-04 14:45:00,5,1,3809.89,5,5,5,555,15,Champions
16033,2011-12-04 12:44:00,5,1,8816.40,5,5,5,555,15,Champions
15773,2011-12-04 12:48:00,5,1,635.68,5,3,3,533,11,Loyal Customers
13822,2011-12-04 12:13:00,5,1,632.00,5,3,3,533,11,Loyal Customers
14354,2011-12-04 11:32:00,5,1,163.62,5,1,1,511,7,New Customers
13630,2011-12-04 15:16:00,5,1,2031.78,5,4,4,544,13,Champions
13319,2011-12-04 13:34:00,5,1,10845.55,5,5,5,555,15,Champions
12719,2011-12-04 13:45:00,5,1,644.95,5,3,3,533,11,Loyal Customers
13704,2011-12-04 15:13:00,5,1,2308.06,5,5,5,555,15,Champions
17114,2011-12-04 12:17:00,5,1,808.62,5,3,3,533,11,Loyal Customers
12952,2011-12-04 10:35:00,5,1,1387.79,5,4,4,544,13,Champions
12673,2011-12-04 13:55:00,5,1,610.52,5,3,3,533,11,Loyal Customers
16561,2011-12-04 11:50:00,5,1,511.12,5,3,3,533,11,Loyal Customers
18065,2011-12-04 10:30:00,5,1,2392.83,5,5,5,555,15,Champions
14658,2011-12-04 15:35:00,5,1,247.15,5,1,1,511,7,New Customers
13838,2011-12-04 11:00:00,5,1,691.73,5,3,3,533,11,Loyal Customers
15572,2011-12-05 10:09:00,4,1,2552.86,5,5,5,555,15,Champions
15033,2011-12-05 12:40:00,4,1,2586.67,5,5,5,555,15,Champions
13021,2011-12-05 16:37:00,4,1,2616.38,5,5,5,555,15,Champions
16500,2011-12-05 12:04:00,4,1,400.86,5,2,2,522,9,New Customers
17402,2011-12-05 10:15:00,4,1,2633.85,5,5,5,555,15,Champions
17857,2011-12-05 13:13:00,4,1,26879.04,5,5,5,555,15,Champions
12367,2011-12-05 16:48:00,4,1,168.90,5,1,1,511,7,New Customers
16379,2011-12-05 15:38:00,4,1,2157.40,5,5,5,555,15,Champions
13126,2011-12-05 10:00:00,4,1,2099.64,5,5,5,555,15,Champions
18044,2011-12-05 14:26:00,4,1,2088.60,5,5,5,555,15,Champions
14696,2011-12-05 13:43:00,4,1,2078.95,5,5,5,555,15,Champions
13173,2011-12-05 15:51:00,4,1,353.65,5,2,2,522,9,New Customers
13230,2011-12-05 16:03:00,4,1,2806.97,5,5,5,555,15,Champions
16968,2011-12-05 15:02:00,4,1,439.43,5,2,2,522,9,New Customers
17090,2011-12-05 13:44:00,4,1,2043.95,5,4,4,544,13,Champions
15628,2011-12-05 10:24:00,4,1,2870.24,5,5,5,555,15,Champions
17579,2011-12-05 12:28:00,4,1,448.90,5,2,2,522,9,New Customers
13305,2011-12-05 15:15:00,4,1,2000.86,5,4,4,544,13,Champions
13790,2011-12-05 15:48:00,4,1,348.80,5,2,2,522,9,New Customers
17218,2011-12-05 13:52:00,4,1,1960.72,5,4,4,544,13,Champions
15854,2011-12-05 13:39:00,4,1,2974.65,5,5,5,555,15,Champions
16851,2011-12-05 13:32:00,4,1,342.45,5,2,2,522,9,New Customers
12381,2011-12-05 12:44:00,4,1,1845.31,5,4,4,544,13,Champions
18180,2011-12-05 08:39:00,4,1,1843.75,5,4,4,544,13,Champions
17383,2011-12-05 17:36:00,4,1,199.29,5,1,1,511,7,New Customers
17404,2011-12-05 16:26:00,4,1,31906.82,5,5,5,555,15,Champions
14608,2011-12-05 16:52:00,4,1,1785.15,5,4,4,544,13,Champions
16811,2011-12-05 11:39:00,4,1,547.07,5,3,3,533,11,Loyal Customers
16682,2011-12-05 12:13:00,4,1,1028.00,5,4,4,544,13,Champions
16360,2011-12-05 12:16:00,4,1,3512.53,5,5,5,555,15,Champions
15550,2011-12-05 15:38:00,4,1,575.63,5,3,3,533,11,Loyal Customers
14759,2011-12-05 12:03:00,4,1,1625.97,5,4,4,544,13,Champions
13079,2011-12-05 16:53:00,4,1,220.10,5,1,1,511,7,New Customers
16904,2011-12-05 13:10:00,4,1,3754.27,5,5,5,555,15,Champions
13311,2011-12-05 12:55:00,4,1,598.57,5,3,3,533,11,Loyal Customers
14739,2011-12-05 16:54:00,4,1,3902.28,5,5,5,555,15,Champions
15392,2011-12-05 11:01:00,4,1,1535.53,5,4,4,544,13,Champions
16910,2011-12-05 12:51:00,4,1,1510.06,5,4,4,544,13,Champions
12841,2011-12-05 11:13:00,4,1,4022.35,5,5,5,555,15,Champions
14401,2011-12-05 13:30:00,4,1,4051.48,5,5,5,555,15,Champions
13083,2011-12-05 15:01:00,4,1,303.75,5,2,2,522,9,New Customers
16592,2011-12-05 13:49:00,4,1,4113.68,5,5,5,555,15,Champions
13417,2011-12-05 08:49:00,4,1,640.83,5,3,3,533,11,Loyal Customers
17920,2011-12-05 14:29:00,4,1,4204.10,5,5,5,555,15,Champions
14075,2011-12-05 08:38:00,4,1,942.26,5,3,3,533,11,Loyal Customers
14649,2011-12-05 12:30:00,4,1,1417.29,5,4,4,544,13,Champions
18015,2011-12-05 14:49:00,4,1,120.03,5,1,1,511,7,New Customers
17676,2011-12-05 15:16:00,4,1,1387.68,5,4,4,544,13,Champions
15031,2011-12-05 14:19:00,4,1,668.14,5,3,3,533,11,Loyal Customers
18030,2011-12-05 16:37:00,4,1,230.65,5,1,1,511,7,New Customers
12646,2011-12-05 10:14:00,4,1,1346.97,5,4,4,544,13,Champions
16642,2011-12-05 11:31:00,4,1,688.33,5,3,3,533,11,Loyal Customers
12925,2011-12-05 11:11:00,4,1,694.05,5,3,3,533,11,Loyal Customers
15053,2011-12-05 12:08:00,4,1,697.79,5,3,3,533,11,Loyal Customers
15621,2011-12-05 14:01:00,4,1,1293.03,5,4,4,544,13,Champions
18198,2011-12-05 14:49:00,4,1,5425.56,5,5,5,555,15,Champions
15274,2011-12-05 16:57:00,4,1,716.57,5,3,3,533,11,Loyal Customers
14931,2011-12-05 10:19:00,4,1,1257.68,5,4,4,544,13,Champions
16149,2011-12-05 11:29:00,4,1,280.52,5,2,2,522,9,New Customers
14060,2011-12-05 12:29:00,4,1,6140.42,5,5,5,555,15,Champions
18223,2011-12-05 09:11:00,4,1,6484.54,5,5,5,555,15,Champions
15690,2011-12-05 15:59:00,4,1,239.76,5,1,1,511,7,New Customers
17254,2011-12-05 12:46:00,4,1,272.44,5,2,2,522,9,New Customers
17526,2011-12-05 11:05:00,4,1,1195.90,5,4,4,544,13,Champions
16746,2011-12-05 12:33:00,4,1,6697.66,5,5,5,555,15,Champions
14083,2011-12-05 13:14:00,4,1,1018.43,5,4,4,544,13,Champions
15145,2011-12-05 17:21:00,4,1,1194.73,5,4,4,544,13,Champions
17006,2011-12-05 12:09:00,4,1,781.78,5,3,3,533,11,Loyal Customers
12628,2011-12-05 13:15:00,4,1,786.46,5,3,3,533,11,Loyal Customers
15097,2011-12-05 14:03:00,4,1,248.08,5,1,1,511,7,New Customers
13985,2011-12-05 17:06:00,4,1,7060.13,5,5,5,555,15,Champions
16873,2011-12-05 12:05:00,4,1,7123.62,5,5,5,555,15,Champions
14219,2011-12-05 16:23:00,4,1,89.94,5,1,1,511,7,New Customers
16600,2011-12-05 16:00:00,4,1,813.52,5,3,3,533,11,Loyal Customers
17811,2011-12-05 13:46:00,4,1,7837.73,5,5,5,555,15,Champions
15290,2011-12-05 11:39:00,4,1,7943.22,5,5,5,555,15,Champions
12994,2011-12-05 15:43:00,4,1,974.42,5,4,4,544,13,Champions
15358,2011-12-05 09:04:00,4,1,8347.20,5,5,5,555,15,Champions
16597,2011-12-05 15:44:00,4,1,90.04,5,1,1,511,7,New Customers
12683,2011-12-05 16:31:00,4,1,8476.57,5,5,5,555,15,Champions
14629,2011-12-05 16:55:00,4,1,959.01,5,4,4,544,13,Champions
13001,2011-12-05 14:51:00,4,1,9818.82,5,5,5,555,15,Champions
16200,2011-12-05 14:40:00,4,1,1080.62,5,4,4,544,13,Champions
17706,2011-12-05 13:34:00,4,1,10504.49,5,5,5,555,15,Champions
16513,2011-12-05 10:18:00,4,1,874.59,5,3,3,533,11,Loyal Customers
14194,2011-12-05 10:38:00,4,1,11349.52,5,5,5,555,15,Champions
15640,2011-12-05 14:35:00,4,1,12515.66,5,5,5,555,15,Champions
15856,2011-12-05 17:09:00,4,1,16387.57,5,5,5,555,15,Champions
17817,2011-12-05 14:39:00,4,1,387.68,5,2,2,522,9,New Customers
12913,2011-12-05 12:11:00,4,1,2483.63,5,5,5,555,15,Champions
15932,2011-12-05 17:13:00,4,1,2495.87,5,5,5,555,15,Champions
14096,2011-12-05 17:17:00,4,1,65164.79,5,5,5,555,15,Champions
16684,2011-12-05 14:06:00,4,1,66653.56,5,5,5,555,15,Champions
12782,2011-12-05 09:16:00,4,1,2330.92,5,5,5,555,15,Champions
18005,2011-12-06 11:51:00,3,1,249.72,5,1,1,511,7,New Customers
16015,2011-12-06 10:58:00,3,1,705.39,5,3,3,533,11,Loyal Customers
12584,2011-12-06 09:35:00,3,1,2338.15,5,5,5,555,15,Champions
18154,2011-12-06 16:41:00,3,1,399.19,5,2,2,522,9,New Customers
12362,2011-12-06 15:40:00,3,1,5226.23,5,5,5,555,15,Champions
13881,2011-12-06 12:50:00,3,1,17159.52,5,5,5,555,15,Champions
12478,2011-12-06 09:56:00,3,1,680.99,5,3,3,533,11,Loyal Customers
17730,2011-12-06 15:43:00,3,1,5298.48,5,5,5,555,15,Champions
13104,2011-12-06 13:10:00,3,1,1098.48,5,4,4,544,13,Champions
16929,2011-12-06 08:37:00,3,1,1295.39,5,4,4,544,13,Champions
16790,2011-12-06 11:53:00,3,1,1545.62,5,4,4,544,13,Champions
13199,2011-12-06 12:30:00,3,1,9817.12,5,5,5,555,15,Champions
17883,2011-12-06 17:49:00,3,1,671.77,5,3,3,533,11,Loyal Customers
17728,2011-12-06 08:52:00,3,1,2876.01,5,5,5,555,15,Champions
17346,2011-12-06 12:18:00,3,1,2676.56,5,5,5,555,15,Champions
17744,2011-12-06 12:11:00,3,1,2322.40,5,5,5,555,15,Champions
14282,2011-12-06 17:04:00,3,1,3729.34,5,5,5,555,15,Champions
15822,2011-12-06 14:50:00,3,1,885.47,5,3,3,533,11,Loyal Customers
12749,2011-12-06 09:56:00,3,1,4090.88,5,5,5,555,15,Champions
14572,2011-12-06 14:40:00,3,1,2832.84,5,5,5,555,15,Champions
16764,2011-12-06 11:41:00,3,1,2799.25,5,5,5,555,15,Champions
12971,2011-12-06 12:20:00,3,1,11189.91,5,5,5,555,15,Champions
12716,2011-12-06 08:55:00,3,1,1053.49,5,4,4,544,13,Champions
16569,2011-12-06 15:32:00,3,1,124.20,5,1,1,511,7,New Customers
12682,2011-12-06 10:00:00,3,1,12288.22,5,5,5,555,15,Champions
18225,2011-12-06 13:27:00,3,1,5509.12,5,5,5,555,15,Champions
16949,2011-12-06 11:07:00,3,1,1286.27,5,4,4,544,13,Champions
13078,2011-12-06 15:36:00,3,1,12627.94,5,5,5,555,15,Champions
17861,2011-12-06 16:21:00,3,1,2100.80,5,5,5,555,15,Champions
14121,2011-12-06 12:19:00,3,1,2780.15,5,5,5,555,15,Champions
18283,2011-12-06 12:02:00,3,1,2094.88,5,5,5,555,15,Champions
14293,2011-12-06 15:17:00,3,1,1046.56,5,4,4,544,13,Champions
16495,2011-12-06 13:20:00,3,1,684.41,5,3,3,533,11,Loyal Customers
15907,2011-12-06 12:21:00,3,1,967.45,5,4,4,544,13,Champions
16133,2011-12-06 11:24:00,3,1,14589.04,5,5,5,555,15,Champions
14578,2011-12-06 17:18:00,3,1,168.63,5,1,1,511,7,New Customers
17705,2011-12-06 13:45:00,3,1,1823.52,5,4,4,544,13,Champions
14140,2011-12-06 09:05:00,3,1,935.05,5,3,3,533,11,Loyal Customers
15061,2011-12-06 12:06:00,3,1,54534.14,5,5,5,555,15,Champions
12877,2011-12-06 10:30:00,3,1,1535.77,5,4,4,544,13,Champions
16016,2011-12-06 14:35:00,3,1,1508.76,5,4,4,544,13,Champions
14547,2011-12-06 11:06:00,3,1,4007.54,5,5,5,555,15,Champions
17593,2011-12-06 10:30:00,3,1,3927.34,5,5,5,555,15,Champions
14216,2011-12-06 14:56:00,3,1,1839.30,5,4,4,544,13,Champions
14113,2011-12-06 12:18:00,3,1,1840.42,5,4,4,544,13,Champions
17884,2011-12-06 11:33:00,3,1,717.45,5,3,3,533,11,Loyal Customers
14110,2011-12-06 12:26:00,3,1,5683.15,5,5,5,555,15,Champions
16979,2011-12-06 12:21:00,3,1,1852.00,5,4,4,544,13,Champions
12723,2011-12-06 10:19:00,3,1,725.07,5,3,3,533,11,Loyal Customers
17666,2011-12-06 09:06:00,3,1,728.16,5,3,3,533,11,Loyal Customers
16711,2011-12-06 16:32:00,3,1,1651.03,5,4,4,544,13,Champions
12650,2011-12-06 16:34:00,3,1,314.44,5,2,2,522,9,New Customers
14503,2011-12-06 13:30:00,3,1,3543.26,5,5,5,555,15,Champions
17250,2011-12-06 12:15:00,3,1,384.52,5,2,2,522,9,New Customers
14735,2011-12-06 12:09:00,3,1,6065.69,5,5,5,555,15,Champions
17481,2011-12-06 12:28:00,3,1,1255.59,5,4,4,544,13,Champions
14907,2011-12-06 14:14:00,3,1,3501.10,5,5,5,555,15,Champions
13755,2011-12-06 12:26:00,3,1,2161.35,5,5,5,555,15,Champions
16201,2011-12-06 16:02:00,3,1,1863.47,5,4,4,544,13,Champions
13709,2011-12-06 10:28:00,3,1,6328.05,5,5,5,555,15,Champions
13225,2011-12-06 13:29:00,3,1,6463.84,5,5,5,555,15,Champions
16313,2011-12-06 13:02:00,3,1,274.15,5,2,2,522,9,New Customers
17119,2011-12-06 14:40:00,3,1,606.91,5,3,3,533,11,Loyal Customers
16013,2011-12-06 10:36:00,3,1,37130.60,5,5,5,555,15,Champions
16353,2011-12-06 12:23:00,3,1,6675.71,5,5,5,555,15,Champions
16620,2011-12-06 12:19:00,3,1,178.96,5,1,1,511,7,New Customers
14825,2011-12-06 11:38:00,3,1,2226.91,5,5,5,555,15,Champions
13694,2011-12-06 09:32:00,3,1,65039.62,5,5,5,555,15,Champions
15023,2011-12-06 17:23:00,3,1,6802.76,5,5,5,555,15,Champions
13323,2011-12-06 17:12:00,3,1,787.85,5,3,3,533,11,Loyal Customers
16987,2011-12-06 17:26:00,3,1,1625.05,5,4,4,544,13,Champions
14737,2011-12-06 10:16:00,3,1,1164.55,5,4,4,544,13,Champions
17914,2011-12-06 11:58:00,3,1,336.43,5,2,2,522,9,New Customers
12989,2011-12-06 15:28:00,3,1,6924.11,5,5,5,555,15,Champions
12820,2011-12-06 15:12:00,3,1,942.34,5,3,3,533,11,Loyal Customers
12766,2011-12-06 08:46:00,3,1,6989.63,5,5,5,555,15,Champions
13507,2011-12-06 13:13:00,3,1,2479.16,5,5,5,555,15,Champions
12442,2011-12-06 14:22:00,3,1,172.06,5,1,1,511,7,New Customers
16076,2011-12-06 14:59:00,3,1,2234.73,5,5,5,555,15,Champions
16143,2011-12-06 14:13:00,3,1,2424.94,5,5,5,555,15,Champions
12417,2011-12-06 14:52:00,3,1,3649.10,5,5,5,555,15,Champions
14562,2011-12-06 11:05:00,3,1,5074.77,5,5,5,555,15,Champions
13994,2011-12-06 11:05:00,3,1,2313.14,5,5,5,555,15,Champions
14673,2011-12-06 14:31:00,3,1,1736.40,5,4,4,544,13,Champions
17290,2011-12-06 12:38:00,3,1,525.24,5,3,3,533,11,Loyal Customers
14071,2011-12-06 12:27:00,3,1,1438.82,5,4,4,544,13,Champions
15157,2011-12-06 11:28:00,3,1,1936.07,5,4,4,544,13,Champions
15194,2011-12-06 15:10:00,3,1,7616.53,5,5,5,555,15,Champions
15318,2011-12-06 11:30:00,3,1,312.62,5,2,2,522,9,New Customers
14418,2011-12-06 11:39:00,3,1,1937.25,5,4,4,544,13,Champions
14871,2011-12-06 13:42:00,3,1,522.38,5,3,3,533,11,Loyal Customers
15992,2011-12-06 11:00:00,3,1,41.99,5,1,1,511,7,New Customers
14868,2011-12-06 14:49:00,3,1,2953.59,5,5,5,555,15,Champions
16528,2011-12-06 12:45:00,3,1,244.41,5,1,1,511,7,New Customers
16191,2011-12-07 11:26:00,2,1,5180.52,5,5,5,555,15,Champions
13756,2011-12-07 16:44:00,2,1,5189.52,5,5,5,555,15,Champions
12912,2011-12-07 08:55:00,2,1,1662.30,5,4,4,544,13,Champions
16426,2011-12-07 14:01:00,2,1,1908.25,5,4,4,544,13,Champions
16672,2011-12-07 16:29:00,2,1,8134.94,5,5,5,555,15,Champions
12935,2011-12-07 17:25:00,2,1,2160.70,5,5,5,555,15,Champions
14794,2011-12-07 10:11:00,2,1,1319.91,5,4,4,544,13,Champions
12569,2011-12-07 16:24:00,2,1,4124.69,5,5,5,555,15,Champions
14141,2011-12-07 09:53:00,2,1,915.13,5,3,3,533,11,Loyal Customers
17049,2011-12-07 10:48:00,2,1,5659.98,5,5,5,555,15,Champions
12950,2011-12-07 13:17:00,2,1,1843.00,5,4,4,544,13,Champions
14527,2011-12-07 12:19:00,2,1,8508.82,5,5,5,555,15,Champions
12747,2011-12-07 14:34:00,2,1,4196.01,5,5,5,555,15,Champions
17097,2011-12-07 17:05:00,2,1,954.42,5,4,4,544,13,Champions
15471,2011-12-07 14:12:00,2,1,469.48,5,2,2,522,9,New Customers
17017,2011-12-07 09:32:00,2,1,8694.26,5,5,5,555,15,Champions
18273,2011-12-07 13:16:00,2,1,204.00,5,1,1,511,7,New Customers
14087,2011-12-07 12:41:00,2,1,194.42,5,1,1,511,7,New Customers
14132,2011-12-07 13:35:00,2,1,3586.03,5,5,5,555,15,Champions
14204,2011-12-07 13:38:00,2,1,161.03,5,1,1,511,7,New Customers
14032,2011-12-07 15:23:00,2,1,2975.59,5,5,5,555,15,Champions
18092,2011-12-07 13:14:00,2,1,9068.26,5,5,5,555,15,Champions
12783,2011-12-07 15:56:00,2,1,2225.91,5,5,5,555,15,Champions
15969,2011-12-07 11:06:00,2,1,666.10,5,3,3,533,11,Loyal Customers
13767,2011-12-07 15:00:00,2,1,17220.36,5,5,5,555,15,Champions
12828,2011-12-07 08:45:00,2,1,1018.71,5,4,4,544,13,Champions
17266,2011-12-07 14:12:00,2,1,310.64,5,2,2,522,9,New Customers
18237,2011-12-07 12:49:00,2,1,987.10,5,4,4,544,13,Champions
12720,2011-12-07 08:03:00,2,1,5781.73,5,5,5,555,15,Champions
17835,2011-12-07 11:48:00,2,1,350.64,5,2,2,522,9,New Customers
13685,2011-12-07 11:41:00,2,1,3119.44,5,5,5,555,15,Champions
12471,2011-12-07 15:43:00,2,1,19824.05,5,5,5,555,15,Champions
17449,2011-12-07 16:56:00,2,1,2520.86,5,5,5,555,15,Champions
13534,2011-12-07 14:52:00,2,1,5870.08,5,5,5,555,15,Champions
12583,2011-12-07 08:07:00,2,1,7281.38,5,5,5,555,15,Champions
13949,2011-12-07 09:35:00,2,1,2427.32,5,5,5,555,15,Champions
15298,2011-12-07 17:17:00,2,1,4799.90,5,5,5,555,15,Champions
14397,2011-12-07 09:22:00,2,1,2612.96,5,5,5,555,15,Champions
16368,2011-12-07 13:12:00,2,1,497.43,5,3,3,533,11,Loyal Customers
14708,2011-12-07 08:21:00,2,1,1126.37,5,4,4,544,13,Champions
16678,2011-12-07 12:17:00,2,1,3109.99,5,5,5,555,15,Champions
16779,2011-12-07 14:54:00,2,1,10629.72,5,5,5,555,15,Champions
17590,2011-12-07 12:55:00,2,1,1479.22,5,4,4,544,13,Champions
14769,2011-12-07 10:24:00,2,1,10674.75,5,5,5,555,15,Champions
15984,2011-12-07 12:16:00,2,1,2837.67,5,5,5,555,15,Champions
16271,2011-12-07 12:45:00,2,1,1429.24,5,4,4,544,13,Champions
15136,2011-12-07 12:26:00,2,1,1286.70,5,4,4,544,13,Champions
17412,2011-12-07 11:36:00,2,1,1258.06,5,4,4,544,13,Champions
13882,2011-12-07 11:16:00,2,1,1191.13,5,4,4,544,13,Champions
14910,2011-12-07 10:06:00,2,1,434.35,5,2,2,522,9,New Customers
17503,2011-12-07 09:18:00,2,1,558.96,5,3,3,533,11,Loyal Customers
12347,2011-12-07 15:52:00,2,1,4310.00,5,5,5,555,15,Champions
12615,2011-12-07 15:02:00,2,1,2291.19,5,5,5,555,15,Champions
18272,2011-12-07 12:43:00,2,1,3078.58,5,5,5,555,15,Champions
13769,2011-12-07 15:08:00,2,1,2796.51,5,5,5,555,15,Champions
15195,2011-12-07 12:20:00,2,1,3861.00,5,5,5,555,15,Champions
14534,2011-12-07 12:19:00,2,1,4447.05,5,5,5,555,15,Champions
17870,2011-12-07 15:07:00,2,1,1894.35,5,4,4,544,13,Champions
14395,2011-12-07 14:34:00,2,1,3507.71,5,5,5,555,15,Champions
12826,2011-12-07 10:25:00,2,1,1474.72,5,4,4,544,13,Champions
16000,2011-12-07 12:17:00,2,1,12393.70,5,5,5,555,15,Champions
17434,2011-12-07 13:16:00,2,1,2373.82,5,5,5,555,15,Champions
18219,2011-12-07 11:43:00,2,1,2069.77,5,5,5,555,15,Champions
13267,2011-12-07 11:12:00,2,1,4521.49,5,5,5,555,15,Champions
16539,2011-12-07 08:41:00,2,1,1388.81,5,4,4,544,13,Champions
16525,2011-12-07 15:07:00,2,1,13027.45,5,5,5,555,15,Champions
17735,2011-12-07 16:47:00,2,1,13110.02,5,5,5,555,15,Champions
16817,2011-12-07 11:03:00,2,1,1604.75,5,4,4,544,13,Champions
15498,2011-12-07 12:48:00,2,1,13316.40,5,5,5,555,15,Champions
16458,2011-12-07 09:34:00,2,1,3482.74,5,5,5,555,15,Champions
17232,2011-12-07 12:21:00,2,1,421.52,5,2,2,522,9,New Customers
17602,2011-12-07 13:53:00,2,1,5102.97,5,5,5,555,15,Champions
17042,2011-12-07 12:26:00,2,1,1044.38,5,4,4,544,13,Champions
14904,2011-12-07 12:55:00,2,1,1025.44,5,4,4,544,13,Champions
13668,2011-12-07 12:11:00,2,1,6363.59,5,5,5,555,15,Champions
13089,2011-12-07 09:02:00,2,1,58825.83,5,5,5,555,15,Champions
13870,2011-12-07 13:23:00,2,1,2770.94,5,5,5,555,15,Champions
15701,2011-12-07 14:39:00,2,1,1542.14,5,4,4,544,13,Champions
17238,2011-12-07 11:35:00,2,1,3744.65,5,5,5,555,15,Champions
14189,2011-12-07 15:55:00,2,1,4654.08,5,5,5,555,15,Champions
15525,2011-12-07 14:43:00,2,1,825.92,5,3,3,533,11,Loyal Customers
12839,2011-12-07 12:33:00,2,1,5591.42,5,5,5,555,15,Champions
17091,2011-12-07 10:43:00,2,1,3827.76,5,5,5,555,15,Champions
17511,2011-12-07 10:12:00,2,1,91062.38,5,5,5,555,15,Champions
15883,2011-12-07 17:05:00,2,1,396.48,5,2,2,522,9,New Customers
16393,2011-12-07 12:51:00,2,1,3046.21,5,5,5,555,15,Champions
15568,2011-12-07 11:27:00,2,1,758.29,5,3,3,533,11,Loyal Customers
15750,2011-12-07 12:34:00,2,1,2465.48,5,5,5,555,15,Champions
14085,2011-12-07 13:46:00,2,1,4448.54,5,5,5,555,15,Champions
13743,2011-12-07 10:09:00,2,1,1341.60,5,4,4,544,13,Champions
14606,2011-12-08 19:28:00,1,1,12156.65,5,5,5,555,15,Champions
13026,2011-12-08 16:58:00,1,1,975.36,5,4,4,544,13,Champions
15898,2011-12-08 15:23:00,1,1,1388.88,5,4,4,544,13,Champions
15453,2011-12-08 10:59:00,1,1,1388.37,5,4,4,544,13,Champions
15159,2011-12-08 12:05:00,1,1,18641.01,5,5,5,555,15,Champions
16933,2011-12-08 12:54:00,1,1,563.23,5,3,3,533,11,Loyal Customers
17528,2011-12-08 13:27:00,1,1,3628.50,5,5,5,555,15,Champions
15214,2011-12-08 12:07:00,1,1,1661.44,5,4,4,544,13,Champions
17144,2011-12-08 17:57:00,1,1,984.57,5,4,4,544,13,Champions
14191,2011-12-08 09:23:00,1,1,4684.76,5,5,5,555,15,Champions
14135,2011-12-08 11:38:00,1,1,4690.31,5,5,5,555,15,Champions
15484,2011-12-08 15:03:00,1,1,3594.31,5,5,5,555,15,Champions
12955,2011-12-08 16:29:00,1,1,4757.16,5,5,5,555,15,Champions
15796,2011-12-08 19:55:00,1,1,2711.56,5,5,5,555,15,Champions
15187,2011-12-08 11:56:00,1,1,4777.18,5,5,5,555,15,Champions
13013,2011-12-08 15:01:00,1,1,4810.94,5,5,5,555,15,Champions
17491,2011-12-08 16:18:00,1,1,3558.87,5,5,5,555,15,Champions
12437,2011-12-08 11:35:00,1,1,4951.41,5,5,5,555,15,Champions
13536,2011-12-08 16:38:00,1,1,3448.29,5,5,5,555,15,Champions
17675,2011-12-08 18:03:00,1,1,20374.28,5,5,5,555,15,Champions
17631,2011-12-08 09:47:00,1,1,528.33,5,3,3,533,11,Loyal Customers
17451,2011-12-08 15:02:00,1,1,1721.40,5,4,4,544,13,Champions
16892,2011-12-08 13:18:00,1,1,525.54,5,3,3,533,11,Loyal Customers
13599,2011-12-08 16:10:00,1,1,5153.67,5,5,5,555,15,Champions
17949,2011-12-08 18:46:00,1,1,58510.48,5,5,5,555,15,Champions
16322,2011-12-08 15:41:00,1,1,326.75,5,2,2,522,9,New Customers
14702,2011-12-08 19:29:00,1,1,3292.14,5,5,5,555,15,Champions
13269,2011-12-08 14:53:00,1,1,5346.23,5,5,5,555,15,Champions
14621,2011-12-08 16:22:00,1,1,1788.36,5,4,4,544,13,Champions
13510,2011-12-08 13:46:00,1,1,1791.56,5,4,4,544,13,Champions
14911,2011-12-08 15:54:00,1,1,143825.06,5,5,5,555,15,Champions
15443,2011-12-08 10:40:00,1,1,3236.91,5,5,5,555,15,Champions
15877,2011-12-08 11:53:00,1,1,493.28,5,3,3,533,11,Loyal Customers
16161,2011-12-08 12:10:00,1,1,5575.56,5,5,5,555,15,Champions
13924,2011-12-08 09:39:00,1,1,1838.85,5,4,4,544,13,Champions
17757,2011-12-08 15:31:00,1,1,5605.29,5,5,5,555,15,Champions
13468,2011-12-08 10:39:00,1,1,5704.97,5,5,5,555,15,Champions
13077,2011-12-08 19:24:00,1,1,729.27,5,3,3,533,11,Loyal Customers
14415,2011-12-08 14:38:00,1,1,5900.28,5,5,5,555,15,Champions
16688,2011-12-08 15:24:00,1,1,1260.86,5,4,4,544,13,Champions
17530,2011-12-08 18:42:00,1,1,2385.00,5,5,5,555,15,Champions
13404,2011-12-08 15:37:00,1,1,252.49,5,2,2,522,9,New Customers
14698,2011-12-08 12:26:00,1,1,1250.76,5,4,4,544,13,Champions
13860,2011-12-08 12:57:00,1,1,1245.90,5,4,4,544,13,Champions
13436,2011-12-08 10:33:00,1,1,196.89,5,1,1,511,7,New Customers
17315,2011-12-08 12:15:00,1,1,6292.26,5,5,5,555,15,Champions
14646,2011-12-08 12:12:00,1,1,280206.02,5,5,5,555,15,Champions
13102,2011-12-08 12:52:00,1,1,6424.09,5,5,5,555,15,Champions
16210,2011-12-08 12:36:00,1,1,21086.30,5,5,5,555,15,Champions
16794,2011-12-08 17:54:00,1,1,1222.71,5,4,4,544,13,Champions
13314,2011-12-08 12:29:00,1,1,775.94,5,3,3,533,11,Loyal Customers
13890,2011-12-08 15:36:00,1,1,1883.81,5,4,4,544,13,Champions
12358,2011-12-08 10:26:00,1,1,1168.06,5,4,4,544,13,Champions
14520,2011-12-08 09:46:00,1,1,270.60,5,2,2,522,9,New Customers
15520,2011-12-08 10:58:00,1,1,343.50,5,2,2,522,9,New Customers
16891,2011-12-08 11:15:00,1,1,809.70,5,3,3,533,11,Loyal Customers
18210,2011-12-08 11:02:00,1,1,2621.38,5,5,5,555,15,Champions
15399,2011-12-08 13:04:00,1,1,815.77,5,3,3,533,11,Loyal Customers
13098,2011-12-08 14:14:00,1,1,28882.44,5,5,5,555,15,Champions
13263,2011-12-08 13:59:00,1,1,7454.07,5,5,5,555,15,Champions
14129,2011-12-08 11:02:00,1,1,1123.86,5,4,4,544,13,Champions
14653,2011-12-08 13:45:00,1,1,1947.55,5,4,4,544,13,Champions
17554,2011-12-08 14:15:00,1,1,1952.45,5,4,4,544,13,Champions
14796,2011-12-08 15:31:00,1,1,8022.49,5,5,5,555,15,Champions
18109,2011-12-08 11:36:00,1,1,8052.97,5,5,5,555,15,Champions
14056,2011-12-08 13:36:00,1,1,8214.65,5,5,5,555,15,Champions
16833,2011-12-08 14:39:00,1,1,1106.53,5,4,4,544,13,Champions
17243,2011-12-08 13:26:00,1,1,8676.85,5,5,5,555,15,Champions
17668,2011-12-08 13:25:00,1,1,347.75,5,2,2,522,9,New Customers
17644,2011-12-08 13:43:00,1,1,2895.64,5,5,5,555,15,Champions
17830,2011-12-08 12:28:00,1,1,398.70,5,2,2,522,9,New Customers
14217,2011-12-08 11:53:00,1,1,2004.98,5,4,4,544,13,Champions
16523,2011-12-08 09:06:00,1,1,9418.47,5,5,5,555,15,Champions
13521,2011-12-08 13:50:00,1,1,1093.65,5,4,4,544,13,Champions
14730,2011-12-08 14:39:00,1,1,2005.06,5,4,4,544,13,Champions
13394,2011-12-08 11:36:00,1,1,2520.02,5,5,5,555,15,Champions
14251,2011-12-08 08:32:00,1,1,2879.70,5,5,5,555,15,Champions
17522,2011-12-08 12:31:00,1,1,1070.71,5,4,4,544,13,Champions
15156,2011-12-08 18:22:00,1,1,961.49,5,4,4,544,13,Champions
17405,2011-12-08 17:12:00,1,1,1031.41,5,4,4,544,13,Champions
16358,2011-12-08 15:09:00,1,1,2027.50,5,4,4,544,13,Champions
15208,2011-12-08 17:24:00,1,1,870.12,5,3,3,533,11,Loyal Customers
13954,2011-12-08 12:50:00,1,1,439.92,5,2,2,522,9,New Customers
17841,2011-12-08 12:07:00,1,1,40991.57,5,5,5,555,15,Champions
13471,2011-12-08 15:44:00,1,1,2531.58,5,5,5,555,15,Champions
12621,2011-12-08 11:25:00,1,1,13689.67,5,5,5,555,15,Champions
15189,2011-12-08 13:22:00,1,1,16225.39,5,5,5,555,15,Champions
17677,2011-12-08 09:56:00,1,1,16363.23,5,5,5,555,15,Champions
16442,2011-12-08 11:43:00,1,1,616.79,5,3,3,533,11,Loyal Customers
14291,2011-12-08 10:26:00,1,1,3883.25,5,5,5,555,15,Champions
16401,2011-12-08 18:15:00,1,1,4098.32,5,5,5,555,15,Champions
13318,2011-12-08 18:51:00,1,1,640.76,5,3,3,533,11,Loyal Customers
14719,2011-12-08 12:43:00,1,1,1602.13,5,4,4,544,13,Champions
13680,2011-12-08 13:47:00,1,1,3722.42,5,5,5,555,15,Champions
17673,2011-12-08 12:50:00,1,1,1629.12,5,4,4,544,13,Champions
17436,2011-12-08 12:30:00,1,1,216.30,5,1,1,511,7,New Customers
13798,2011-12-08 15:51:00,1,1,37153.85,5,5,5,555,15,Champions
14138,2011-12-08 12:44:00,1,1,982.38,5,4,4,544,13,Champions
13298,2011-12-08 13:11:00,1,1,360.00,5,2,2,522,9,New Customers
17856,2011-12-08 09:40:00,1,1,1418.03,5,4,4,544,13,Champions
14569,2011-12-08 14:58:00,1,1,227.39,5,1,1,511,7,New Customers
13408,2011-12-08 09:05:00,1,1,28117.04,5,5,5,555,15,Champions
15237,2011-12-08 09:46:00,1,1,1412.32,5,4,4,544,13,Champions
12713,2011-12-09 12:16:00,0,1,848.55,5,3,3,533,11,Loyal Customers
16558,2011-12-09 10:20:00,0,1,8338.49,5,5,5,555,15,Champions
14446,2011-12-09 11:34:00,0,1,1039.58,5,4,4,544,13,Champions
17389,2011-12-09 09:38:00,0,1,31833.68,5,5,5,555,15,Champions
15694,2011-12-09 09:44:00,0,1,6479.40,5,5,5,555,15,Champions
16626,2011-12-09 11:56:00,0,1,4413.10,5,5,5,555,15,Champions
15910,2011-12-09 10:51:00,0,1,1232.18,5,4,4,544,13,Champions
15344,2011-12-09 10:45:00,0,1,563.94,5,3,3,533,11,Loyal Customers
12985,2011-12-09 10:46:00,0,1,1239.38,5,4,4,544,13,Champions
12423,2011-12-09 10:10:00,0,1,1859.31,5,4,4,544,13,Champions
18102,2011-12-09 11:50:00,0,1,259657.30,5,5,5,555,15,Champions
17754,2011-12-09 11:20:00,0,1,1772.26,5,4,4,544,13,Champions
17364,2011-12-09 09:00:00,0,1,4481.18,5,5,5,555,15,Champions
17428,2011-12-09 09:45:00,0,1,17256.85,5,5,5,555,15,Champions
15804,2011-12-09 12:31:00,0,1,4206.39,5,5,5,555,15,Champions
12748,2011-12-09 12:20:00,0,1,33719.73,5,5,5,555,15,Champions
12526,2011-12-09 12:09:00,0,1,1316.66,5,4,4,544,13,Champions
13069,2011-12-09 08:39:00,0,1,4436.12,5,5,5,555,15,Champions
14422,2011-12-09 11:26:00,0,1,4263.64,5,5,5,555,15,Champions
13426,2011-12-09 08:59:00,0,1,3641.32,5,5,5,555,15,Champions
14441,2011-12-09 09:07:00,0,1,1712.89,5,4,4,544,13,Champions
16446,2011-12-09 09:15:00,0,1,168472.50,5,5,5,555,15,Champions
17490,2011-12-09 09:08:00,0,1,2092.32,5,5,5,555,15,Champions
17001,2011-12-09 09:38:00,0,1,3989.57,5,5,5,555,15,Champions
14051,2011-12-09 10:20:00,0,1,15610.39,5,5,5,555,15,Champions
16705,2011-12-09 12:08:00,0,1,14034.99,5,5,5,555,15,Champions
12433,2011-12-09 10:02:00,0,1,13375.87,5,5,5,555,15,Champions
16954,2011-12-09 09:46:00,0,1,2085.08,5,5,5,555,15,Champions
13113,2011-12-09 12:49:00,0,1,12245.96,5,5,5,555,15,Champions
12518,2011-12-09 10:13:00,0,1,2056.89,5,4,4,544,13,Champions
17581,2011-12-09 12:21:00,0,1,11045.04,5,5,5,555,15,Champions
13777,2011-12-09 12:25:00,0,1,25977.16,5,5,5,555,15,Champions
15311,2011-12-09 12:00:00,0,1,60767.90,5,5,5,555,15,Champions
12680,2011-12-09 12:50:00,0,1,862.81,5,3,3,533,11,Loyal Customers
12662,2011-12-09 11:59:00,0,1,3849.78,5,5,5,555,15,Champions
